date,campaign,adset,ad,spend,reach,impressions,clicks,link_click,purchase,purchase_value,frequency,cpc,cpm,ctr
2026-09-07,R선스크린 (260505),R라인_논타겟,2시간마다 덧바르기,445,11,11,2,1,0,0,1.0,222,40455,18.182
2026-09-09,R선스크린 (260505),R라인_논타겟,2시간마다 덧바르기,34,3,3,0,0,0,0,1.0,0,11333,0.0
2026-09-12,R선스크린 (260505),R라인_논타겟,2시간마다 덧바르기,86,4,4,0,0,0,0,1.0,0,21500,0.0
2026-09-14,R선스크린 (260505),R라인_논타겟,2시간마다 덧바르기,84,4,4,0,0,0,0,1.0,0,21000,0.0
2026-09-15,R선스크린 (260505),R라인_논타겟,2시간마다 덧바르기,20,1,1,0,0,0,0,1.0,0,20000,0.0
2026-09-17,R선스크린 (260505),R라인_논타겟,2시간마다 덧바르기,263,10,10,1,0,0,0,1.0,263,26300,10.0
2026-09-18,R선스크린 (260505),R라인_논타겟,2시간마다 덧바르기,31,2,2,0,0,0,0,1.0,0,15500,0.0
2026-09-19,R선스크린 (260505),R라인_논타겟,2시간마다 덧바르기,247,12,12,1,2,0,0,1.0,247,20583,8.333
2026-09-20,R선스크린 (260505),R라인_논타겟,2시간마다 덧바르기,174,1,1,0,0,0,0,1.0,0,174000,0.0
2026-09-25,R선스크린 (260505),R라인_논타겟,2시간마다 덧바르기,50,4,4,0,0,0,0,1.0,0,12500,0.0
2026-09-07,R선스크린 (260505),R라인_논타겟,30분 대기하지 마세요,590,14,16,1,0,0,0,1.143,590,36875,6.25
2026-09-08,R선스크린 (260505),R라인_논타겟,30분 대기하지 마세요,65,5,5,0,0,0,0,1.0,0,13000,0.0
2026-09-09,R선스크린 (260505),R라인_논타겟,30분 대기하지 마세요,135,11,11,0,0,0,0,1.0,0,12273,0.0
2026-09-10,R선스크린 (260505),R라인_논타겟,30분 대기하지 마세요,115,10,13,0,0,0,0,1.3,0,8846,0.0
2026-09-12,R선스크린 (260505),R라인_논타겟,30분 대기하지 마세요,487,33,34,1,0,0,0,1.03,487,14324,2.941
2026-09-13,R선스크린 (260505),R라인_논타겟,30분 대기하지 마세요,1036,62,75,0,0,0,0,1.21,0,13813,0.0
2026-09-14,R선스크린 (260505),R라인_논타겟,30분 대기하지 마세요,142,13,14,0,0,0,0,1.077,0,10143,0.0
2026-09-15,R선스크린 (260505),R라인_논타겟,30분 대기하지 마세요,271,23,24,0,0,0,0,1.043,0,11292,0.0
2026-09-16,R선스크린 (260505),R라인_논타겟,30분 대기하지 마세요,396,9,11,0,0,0,0,1.222,0,36000,0.0
2026-09-17,R선스크린 (260505),R라인_논타겟,30분 대기하지 마세요,1701,40,51,1,1,0,0,1.275,1701,33353,1.961
2026-09-18,R선스크린 (260505),R라인_논타겟,30분 대기하지 마세요,578,22,24,1,1,1,55500,1.091,578,24083,4.167
2026-09-19,R선스크린 (260505),R라인_논타겟,30분 대기하지 마세요,853,33,40,0,0,0,0,1.212,0,21325,0.0
2026-09-20,R선스크린 (260505),R라인_논타겟,30분 대기하지 마세요,674,26,34,0,0,0,0,1.308,0,19824,0.0
2026-09-21,R선스크린 (260505),R라인_논타겟,30분 대기하지 마세요,266,14,15,0,0,0,0,1.071,0,17733,0.0
2026-09-22,R선스크린 (260505),R라인_논타겟,30분 대기하지 마세요,414,24,26,0,0,0,0,1.083,0,15923,0.0
2026-09-23,R선스크린 (260505),R라인_논타겟,30분 대기하지 마세요,93,6,8,0,0,0,0,1.333,0,11625,0.0
2026-09-24,R선스크린 (260505),R라인_논타겟,30분 대기하지 마세요,24,3,3,0,0,0,0,1.0,0,8000,0.0
2026-09-25,R선스크린 (260505),R라인_논타겟,30분 대기하지 마세요,26,4,4,0,0,0,0,1.0,0,6500,0.0
2026-09-11,R선스크린 (260505),R라인_논타겟,SPF50,12,2,3,0,0,0,0,1.5,0,4000,0.0
2026-09-15,R선스크린 (260505),R라인_논타겟,SPF50,7,1,1,0,0,0,0,1.0,0,7000,0.0
2026-09-09,R선스크린 (260505),R라인_논타겟,나이에 따라 바르는 자외선 차단제,35,2,3,0,0,0,0,1.5,0,11667,0.0
2026-09-12,R선스크린 (260505),R라인_논타겟,나이에 따라 바르는 자외선 차단제,148,10,11,0,0,0,0,1.1,0,13455,0.0
2026-09-16,R선스크린 (260505),R라인_논타겟,나이에 따라 바르는 자외선 차단제,131,6,6,0,0,0,0,1.0,0,21833,0.0
2026-09-19,R선스크린 (260505),R라인_논타겟,나이에 따라 바르는 자외선 차단제,46,7,7,0,0,0,0,1.0,0,6571,0.0
2026-09-20,R선스크린 (260505),R라인_논타겟,나이에 따라 바르는 자외선 차단제,6,1,1,0,0,0,0,1.0,0,6000,0.0
2026-09-22,R선스크린 (260505),R라인_논타겟,나이에 따라 바르는 자외선 차단제,51,3,3,1,1,0,0,1.0,51,17000,33.333
2026-09-26,R선스크린 (260505),R라인_논타겟,나이에 따라 바르는 자외선 차단제,4,1,1,0,0,0,0,1.0,0,4000,0.0
2026-09-13,R선스크린 (260505),R라인_논타겟,먹구름이 있는 날도 발라야 합니다,28,2,2,0,0,0,0,1.0,0,14000,0.0
2026-09-16,R선스크린 (260505),R라인_논타겟,먹구름이 있는 날도 발라야 합니다,34,2,3,0,0,0,0,1.5,0,11333,0.0
2026-09-28,R선스크린 (260505),R라인_논타겟,먹구름이 있는 날도 발라야 합니다,110,1,1,0,0,0,0,1.0,0,110000,0.0
2026-09-29,R선스크린 (260505),R라인_논타겟,먹구름이 있는 날도 발라야 합니다,51,1,1,0,0,0,0,1.0,0,51000,0.0
2026-09-30,R선스크린 (260505),R라인_논타겟,먹구름이 있는 날도 발라야 합니다,24,2,2,0,0,0,0,1.0,0,12000,0.0
2026-09-11,R선스크린 (260505),R라인_논타겟,바르는 양,10,2,2,0,0,0,0,1.0,0,5000,0.0
2026-09-13,R선스크린 (260505),R라인_논타겟,바르는 양,22,1,1,0,0,0,0,1.0,0,22000,0.0
2026-09-14,R선스크린 (260505),R라인_논타겟,바르는 양,25,2,2,0,0,0,0,1.0,0,12500,0.0
2026-09-16,R선스크린 (260505),R라인_논타겟,바르는 양,8,1,1,0,0,0,0,1.0,0,8000,0.0
2026-09-19,R선스크린 (260505),R라인_논타겟,바르는 양,77,4,4,0,0,0,0,1.0,0,19250,0.0
2026-09-21,R선스크린 (260505),R라인_논타겟,바르는 양,2,1,1,0,0,0,0,1.0,0,2000,0.0
2026-09-24,R선스크린 (260505),R라인_논타겟,바르는 양,10,1,1,0,0,0,0,1.0,0,10000,0.0
2026-10-05,R선스크린 (260505),R라인_논타겟,바르는 양,4,1,1,0,0,0,0,1.0,0,4000,0.0
2026-09-11,R선스크린 (260505),R라인_논타겟,선크림을 발라야 하는 이유,38,1,1,0,0,0,0,1.0,0,38000,0.0
2026-09-13,R선스크린 (260505),R라인_논타겟,선크림을 발라야 하는 이유,17,2,2,0,0,0,0,1.0,0,8500,0.0
2026-09-07,R선스크린 (260505),R라인_논타겟,어린이도 자외선 차단제 바를 것,189,5,7,0,0,0,0,1.4,0,27000,0.0
2026-09-10,R선스크린 (260505),R라인_논타겟,어린이도 자외선 차단제 바를 것,8,1,1,0,0,0,0,1.0,0,8000,0.0
2026-09-11,R선스크린 (260505),R라인_논타겟,어린이도 자외선 차단제 바를 것,57,4,4,0,0,0,0,1.0,0,14250,0.0
2026-09-14,R선스크린 (260505),R라인_논타겟,어린이도 자외선 차단제 바를 것,103,12,12,0,0,0,0,1.0,0,8583,0.0
2026-09-17,R선스크린 (260505),R라인_논타겟,어린이도 자외선 차단제 바를 것,100,5,5,0,0,0,0,1.0,0,20000,0.0
2026-09-21,R선스크린 (260505),R라인_논타겟,어린이도 자외선 차단제 바를 것,13,1,2,0,0,0,0,2.0,0,6500,0.0
2026-09-24,R선스크린 (260505),R라인_논타겟,어린이도 자외선 차단제 바를 것,23,3,4,2,1,0,0,1.333,12,5750,50.0
2026-09-27,R선스크린 (260505),R라인_논타겟,어린이도 자외선 차단제 바를 것,9,2,2,0,0,0,0,1.0,0,4500,0.0
2026-09-14,R선스크린 (260505),R라인_논타겟,황금추출물,63,1,1,0,0,0,0,1.0,0,63000,0.0
2026-09-16,R선스크린 (260505),R라인_논타겟,황금추출물,3,1,1,0,0,0,0,1.0,0,3000,0.0
2026-09-21,R선스크린 (260505),R라인_논타겟,황금추출물,11,2,2,0,0,0,0,1.0,0,5500,0.0
2026-09-07,R선스크린 (260505),R라인_맞춤 타겟,2시간마다 덧바르기,846,16,17,0,0,0,0,1.062,0,49765,0.0
2026-09-08,R선스크린 (260505),R라인_맞춤 타겟,2시간마다 덧바르기,25,1,1,0,0,0,0,1.0,0,25000,0.0
2026-09-09,R선스크린 (260505),R라인_맞춤 타겟,2시간마다 덧바르기,13,2,2,0,0,0,0,1.0,0,6500,0.0
2026-09-10,R선스크린 (260505),R라인_맞춤 타겟,2시간마다 덧바르기,183,8,8,0,0,1,40000,1.0,0,22875,0.0
2026-09-12,R선스크린 (260505),R라인_맞춤 타겟,2시간마다 덧바르기,1999,68,84,4,3,1,97750,1.235,500,23798,4.762
2026-09-13,R선스크린 (260505),R라인_맞춤 타겟,2시간마다 덧바르기,7905,237,293,8,7,0,0,1.236,988,26980,2.73
2026-09-14,R선스크린 (260505),R라인_맞춤 타겟,2시간마다 덧바르기,9414,335,396,7,4,0,0,1.182,1345,23773,1.768
2026-09-15,R선스크린 (260505),R라인_맞춤 타겟,2시간마다 덧바르기,12262,298,386,10,7,1,71500,1.295,1226,31767,2.591
2026-09-16,R선스크린 (260505),R라인_맞춤 타겟,2시간마다 덧바르기,2627,98,106,4,2,0,0,1.082,657,24783,3.774
2026-09-17,R선스크린 (260505),R라인_맞춤 타겟,2시간마다 덧바르기,2615,120,138,7,6,0,0,1.15,374,18949,5.072
2026-09-19,R선스크린 (260505),R라인_맞춤 타겟,2시간마다 덧바르기,809,25,28,0,0,0,0,1.12,0,28893,0.0
2026-09-20,R선스크린 (260505),R라인_맞춤 타겟,2시간마다 덧바르기,2355,71,79,0,0,0,0,1.113,0,29810,0.0
2026-09-21,R선스크린 (260505),R라인_맞춤 타겟,2시간마다 덧바르기,3827,137,170,4,5,1,26100,1.241,957,22512,2.353
2026-09-22,R선스크린 (260505),R라인_맞춤 타겟,2시간마다 덧바르기,4069,146,170,3,3,0,0,1.164,1356,23935,1.765
2026-09-23,R선스크린 (260505),R라인_맞춤 타겟,2시간마다 덧바르기,2837,82,92,1,0,0,0,1.122,2837,30837,1.087
2026-09-24,R선스크린 (260505),R라인_맞춤 타겟,2시간마다 덧바르기,2398,111,125,7,6,0,0,1.126,343,19184,5.6
2026-09-25,R선스크린 (260505),R라인_맞춤 타겟,2시간마다 덧바르기,4546,205,251,8,5,2,75500,1.224,568,18112,3.187
2026-09-26,R선스크린 (260505),R라인_맞춤 타겟,2시간마다 덧바르기,2221,134,156,6,6,0,0,1.164,370,14237,3.846
2026-09-27,R선스크린 (260505),R라인_맞춤 타겟,2시간마다 덧바르기,16141,646,949,20,15,1,92250,1.469,807,17008,2.107
2026-09-28,R선스크린 (260505),R라인_맞춤 타겟,2시간마다 덧바르기,13846,596,813,11,9,0,0,1.364,1259,17031,1.353
2026-09-29,R선스크린 (260505),R라인_맞춤 타겟,2시간마다 덧바르기,13151,526,769,10,10,1,66300,1.462,1315,17101,1.3
2026-09-30,R선스크린 (260505),R라인_맞춤 타겟,2시간마다 덧바르기,11879,538,690,15,11,0,0,1.283,792,17216,2.174
2026-10-01,R선스크린 (260505),R라인_맞춤 타겟,2시간마다 덧바르기,13360,600,754,18,13,4,180100,1.257,742,17719,2.387
2026-10-02,R선스크린 (260505),R라인_맞춤 타겟,2시간마다 덧바르기,9768,444,536,10,9,1,30000,1.207,977,18224,1.866
2026-10-03,R선스크린 (260505),R라인_맞춤 타겟,2시간마다 덧바르기,5581,205,233,12,10,1,39000,1.137,465,23953,5.15
2026-10-04,R선스크린 (260505),R라인_맞춤 타겟,2시간마다 덧바르기,10571,539,653,32,25,2,68400,1.212,330,16188,4.9
2026-10-05,R선스크린 (260505),R라인_맞춤 타겟,2시간마다 덧바르기,7190,463,550,23,19,0,0,1.188,313,13073,4.182
2026-09-07,R선스크린 (260505),R라인_맞춤 타겟,30분 대기하지 마세요,17,1,1,0,0,0,0,1.0,0,17000,0.0
2026-09-08,R선스크린 (260505),R라인_맞춤 타겟,30분 대기하지 마세요,342,21,25,0,0,0,0,1.19,0,13680,0.0
2026-09-11,R선스크린 (260505),R라인_맞춤 타겟,30분 대기하지 마세요,63,6,6,0,0,0,0,1.0,0,10500,0.0
2026-09-13,R선스크린 (260505),R라인_맞춤 타겟,30분 대기하지 마세요,1536,68,79,3,3,0,0,1.162,512,19443,3.797
2026-09-14,R선스크린 (260505),R라인_맞춤 타겟,30분 대기하지 마세요,18,1,1,0,0,0,0,1.0,0,18000,0.0
2026-09-15,R선스크린 (260505),R라인_맞춤 타겟,30분 대기하지 마세요,0,0,0,0,0,0,0,0.0,0,0,0
2026-09-16,R선스크린 (260505),R라인_맞춤 타겟,30분 대기하지 마세요,46,5,6,0,0,0,0,1.2,0,7667,0.0
2026-09-18,R선스크린 (260505),R라인_맞춤 타겟,30분 대기하지 마세요,315,9,10,0,0,0,0,1.111,0,31500,0.0
2026-09-19,R선스크린 (260505),R라인_맞춤 타겟,30분 대기하지 마세요,43,4,4,0,0,0,0,1.0,0,10750,0.0
2026-09-20,R선스크린 (260505),R라인_맞춤 타겟,30분 대기하지 마세요,294,11,11,0,0,0,0,1.0,0,26727,0.0
2026-09-24,R선스크린 (260505),R라인_맞춤 타겟,30분 대기하지 마세요,5,1,1,0,0,0,0,1.0,0,5000,0.0
2026-09-25,R선스크린 (260505),R라인_맞춤 타겟,30분 대기하지 마세요,272,16,17,0,0,0,0,1.062,0,16000,0.0
2026-09-28,R선스크린 (260505),R라인_맞춤 타겟,30분 대기하지 마세요,175,12,12,0,0,0,0,1.0,0,14583,0.0
2026-09-30,R선스크린 (260505),R라인_맞춤 타겟,30분 대기하지 마세요,106,9,10,0,0,0,0,1.111,0,10600,0.0
2026-10-01,R선스크린 (260505),R라인_맞춤 타겟,30분 대기하지 마세요,743,26,28,0,0,0,0,1.077,0,26536,0.0
2026-10-02,R선스크린 (260505),R라인_맞춤 타겟,30분 대기하지 마세요,135,9,9,0,0,0,0,1.0,0,15000,0.0
2026-10-03,R선스크린 (260505),R라인_맞춤 타겟,30분 대기하지 마세요,1827,35,44,4,1,0,0,1.257,457,41523,9.091
2026-10-04,R선스크린 (260505),R라인_맞춤 타겟,30분 대기하지 마세요,312,24,26,1,0,0,0,1.083,312,12000,3.846
2026-10-05,R선스크린 (260505),R라인_맞춤 타겟,30분 대기하지 마세요,813,38,46,1,1,0,0,1.211,813,17674,2.174
2026-09-07,R선스크린 (260505),R라인_맞춤 타겟,SPF50,13058,275,391,16,8,4,140700,1.422,816,33396,4.092
2026-09-08,R선스크린 (260505),R라인_맞춤 타겟,SPF50,5481,249,327,9,5,0,0,1.313,609,16761,2.752
2026-09-09,R선스크린 (260505),R라인_맞춤 타겟,SPF50,5461,205,262,7,6,0,0,1.278,780,20844,2.672
2026-09-10,R선스크린 (260505),R라인_맞춤 타겟,SPF50,5023,223,312,2,1,1,35000,1.399,2512,16099,0.641
2026-09-11,R선스크린 (260505),R라인_맞춤 타겟,SPF50,4248,173,223,4,3,0,0,1.289,1062,19049,1.794
2026-09-12,R선스크린 (260505),R라인_맞춤 타겟,SPF50,2667,144,172,3,3,0,0,1.194,889,15506,1.744
2026-09-13,R선스크린 (260505),R라인_맞춤 타겟,SPF50,662,41,44,1,1,0,0,1.073,662,15045,2.273
2026-09-14,R선스크린 (260505),R라인_맞춤 타겟,SPF50,2993,165,182,0,0,0,0,1.103,0,16445,0.0
2026-09-15,R선스크린 (260505),R라인_맞춤 타겟,SPF50,584,42,46,0,0,0,0,1.095,0,12696,0.0
2026-09-16,R선스크린 (260505),R라인_맞춤 타겟,SPF50,199,13,16,0,0,0,0,1.231,0,12438,0.0
2026-09-17,R선스크린 (260505),R라인_맞춤 타겟,SPF50,0,0,0,0,0,0,0,0.0,0,0,0
2026-09-18,R선스크린 (260505),R라인_맞춤 타겟,SPF50,808,28,30,0,0,0,0,1.071,0,26933,0.0
2026-09-19,R선스크린 (260505),R라인_맞춤 타겟,SPF50,193,16,18,0,0,0,0,1.125,0,10722,0.0
2026-09-20,R선스크린 (260505),R라인_맞춤 타겟,SPF50,1106,43,52,3,2,0,0,1.209,369,21269,5.769
2026-09-21,R선스크린 (260505),R라인_맞춤 타겟,SPF50,3760,154,206,1,1,0,0,1.338,3760,18252,0.485
2026-09-22,R선스크린 (260505),R라인_맞춤 타겟,SPF50,1982,90,106,0,0,0,0,1.178,0,18698,0.0
2026-09-23,R선스크린 (260505),R라인_맞춤 타겟,SPF50,1098,82,87,1,0,0,0,1.061,1098,12621,1.149
2026-09-24,R선스크린 (260505),R라인_맞춤 타겟,SPF50,1238,78,96,1,0,0,0,1.231,1238,12896,1.042
2026-09-25,R선스크린 (260505),R라인_맞춤 타겟,SPF50,1492,82,101,3,3,0,0,1.232,497,14772,2.97
2026-09-26,R선스크린 (260505),R라인_맞춤 타겟,SPF50,267,21,22,0,0,0,0,1.048,0,12136,0.0
2026-09-28,R선스크린 (260505),R라인_맞춤 타겟,SPF50,220,9,10,0,0,0,0,1.111,0,22000,0.0
2026-09-30,R선스크린 (260505),R라인_맞춤 타겟,SPF50,475,28,39,0,0,0,0,1.393,0,12179,0.0
2026-10-01,R선스크린 (260505),R라인_맞춤 타겟,SPF50,880,42,47,0,0,0,0,1.119,0,18723,0.0
2026-10-02,R선스크린 (260505),R라인_맞춤 타겟,SPF50,2552,118,172,3,2,0,0,1.458,851,14837,1.744
2026-10-03,R선스크린 (260505),R라인_맞춤 타겟,SPF50,1235,58,67,2,0,1,39000,1.155,618,18433,2.985
2026-10-04,R선스크린 (260505),R라인_맞춤 타겟,SPF50,3081,129,163,1,1,1,27400,1.264,3081,18902,0.613
2026-10-05,R선스크린 (260505),R라인_맞춤 타겟,SPF50,2348,133,172,4,3,1,65000,1.293,587,13651,2.326
2026-09-07,R선스크린 (260505),R라인_맞춤 타겟,나이에 따라 바르는 자외선 차단제,1549,49,60,3,1,0,0,1.224,516,25817,5.0
2026-09-08,R선스크린 (260505),R라인_맞춤 타겟,나이에 따라 바르는 자외선 차단제,102,3,3,0,0,0,0,1.0,0,34000,0.0
2026-09-09,R선스크린 (260505),R라인_맞춤 타겟,나이에 따라 바르는 자외선 차단제,196,5,7,0,0,0,0,1.4,0,28000,0.0
2026-09-10,R선스크린 (260505),R라인_맞춤 타겟,나이에 따라 바르는 자외선 차단제,280,6,6,0,0,0,0,1.0,0,46667,0.0
2026-09-14,R선스크린 (260505),R라인_맞춤 타겟,나이에 따라 바르는 자외선 차단제,126,14,14,0,0,0,0,1.0,0,9000,0.0
2026-09-15,R선스크린 (260505),R라인_맞춤 타겟,나이에 따라 바르는 자외선 차단제,970,43,47,1,1,0,0,1.093,970,20638,2.128
2026-09-17,R선스크린 (260505),R라인_맞춤 타겟,나이에 따라 바르는 자외선 차단제,532,33,36,0,0,0,0,1.091,0,14778,0.0
2026-09-19,R선스크린 (260505),R라인_맞춤 타겟,나이에 따라 바르는 자외선 차단제,121,7,7,0,0,0,0,1.0,0,17286,0.0
2026-09-20,R선스크린 (260505),R라인_맞춤 타겟,나이에 따라 바르는 자외선 차단제,820,39,43,0,0,0,0,1.103,0,19070,0.0
2026-09-21,R선스크린 (260505),R라인_맞춤 타겟,나이에 따라 바르는 자외선 차단제,2452,54,59,2,1,0,0,1.093,1226,41559,3.39
2026-09-22,R선스크린 (260505),R라인_맞춤 타겟,나이에 따라 바르는 자외선 차단제,605,41,54,0,0,0,0,1.317,0,11204,0.0
2026-09-23,R선스크린 (260505),R라인_맞춤 타겟,나이에 따라 바르는 자외선 차단제,41,2,2,0,0,0,0,1.0,0,20500,0.0
2026-09-24,R선스크린 (260505),R라인_맞춤 타겟,나이에 따라 바르는 자외선 차단제,996,52,55,2,1,0,0,1.058,498,18109,3.636
2026-09-25,R선스크린 (260505),R라인_맞춤 타겟,나이에 따라 바르는 자외선 차단제,518,31,36,1,1,0,0,1.161,518,14389,2.778
2026-09-29,R선스크린 (260505),R라인_맞춤 타겟,나이에 따라 바르는 자외선 차단제,184,13,17,0,0,0,0,1.308,0,10824,0.0
2026-09-30,R선스크린 (260505),R라인_맞춤 타겟,나이에 따라 바르는 자외선 차단제,1040,49,58,0,0,0,0,1.184,0,17931,0.0
2026-10-01,R선스크린 (260505),R라인_맞춤 타겟,나이에 따라 바르는 자외선 차단제,128,12,13,0,0,0,0,1.083,0,9846,0.0
2026-10-02,R선스크린 (260505),R라인_맞춤 타겟,나이에 따라 바르는 자외선 차단제,1168,48,52,1,0,0,0,1.083,1168,22462,1.923
2026-10-03,R선스크린 (260505),R라인_맞춤 타겟,나이에 따라 바르는 자외선 차단제,235,11,11,2,1,0,0,1.0,118,21364,18.182
2026-10-04,R선스크린 (260505),R라인_맞춤 타겟,나이에 따라 바르는 자외선 차단제,1452,74,87,4,2,0,0,1.176,363,16690,4.598
2026-10-05,R선스크린 (260505),R라인_맞춤 타겟,나이에 따라 바르는 자외선 차단제,1035,51,61,1,0,0,0,1.196,1035,16967,1.639
2026-09-07,R선스크린 (260505),R라인_맞춤 타겟,바르는 양,638,30,32,0,0,0,0,1.067,0,19938,0.0
2026-09-08,R선스크린 (260505),R라인_맞춤 타겟,바르는 양,92,5,5,0,0,0,0,1.0,0,18400,0.0
2026-09-10,R선스크린 (260505),R라인_맞춤 타겟,바르는 양,334,7,7,0,0,0,0,1.0,0,47714,0.0
2026-09-12,R선스크린 (260505),R라인_맞춤 타겟,바르는 양,18,3,3,0,0,0,0,1.0,0,6000,0.0
2026-09-13,R선스크린 (260505),R라인_맞춤 타겟,바르는 양,748,32,33,0,0,0,0,1.031,0,22667,0.0
2026-09-14,R선스크린 (260505),R라인_맞춤 타겟,바르는 양,3969,132,163,7,6,0,0,1.235,567,24350,4.294
2026-09-15,R선스크린 (260505),R라인_맞춤 타겟,바르는 양,1220,50,53,1,1,0,0,1.06,1220,23019,1.887
2026-09-16,R선스크린 (260505),R라인_맞춤 타겟,바르는 양,765,9,9,0,0,0,0,1.0,0,85000,0.0
2026-09-17,R선스크린 (260505),R라인_맞춤 타겟,바르는 양,173,5,5,0,0,0,0,1.0,0,34600,0.0
2026-09-18,R선스크린 (260505),R라인_맞춤 타겟,바르는 양,1801,45,50,0,0,0,0,1.111,0,36020,0.0
2026-09-20,R선스크린 (260505),R라인_맞춤 타겟,바르는 양,2292,66,80,4,4,0,0,1.212,573,28650,5.0
2026-09-21,R선스크린 (260505),R라인_맞춤 타겟,바르는 양,1710,89,91,0,0,0,0,1.022,0,18791,0.0
2026-09-22,R선스크린 (260505),R라인_맞춤 타겟,바르는 양,873,41,46,0,0,0,0,1.122,0,18978,0.0
2026-09-23,R선스크린 (260505),R라인_맞춤 타겟,바르는 양,1920,53,62,1,1,0,0,1.17,1920,30968,1.613
2026-09-24,R선스크린 (260505),R라인_맞춤 타겟,바르는 양,715,28,31,1,0,0,0,1.107,715,23065,3.226
2026-09-25,R선스크린 (260505),R라인_맞춤 타겟,바르는 양,913,25,27,0,0,0,0,1.08,0,33815,0.0
2026-09-26,R선스크린 (260505),R라인_맞춤 타겟,바르는 양,842,51,56,0,0,0,0,1.098,0,15036,0.0
2026-09-27,R선스크린 (260505),R라인_맞춤 타겟,바르는 양,1290,32,35,0,0,1,303360,1.094,0,36857,0.0
2026-09-28,R선스크린 (260505),R라인_맞춤 타겟,바르는 양,1067,55,62,1,1,0,0,1.127,1067,17210,1.613
2026-09-29,R선스크린 (260505),R라인_맞춤 타겟,바르는 양,2152,81,99,1,0,0,0,1.222,2152,21737,1.01
2026-09-30,R선스크린 (260505),R라인_맞춤 타겟,바르는 양,1463,84,103,3,1,0,0,1.226,488,14204,2.913
2026-10-01,R선스크린 (260505),R라인_맞춤 타겟,바르는 양,809,32,34,0,0,0,0,1.062,0,23794,0.0
2026-10-02,R선스크린 (260505),R라인_맞춤 타겟,바르는 양,219,16,16,0,0,0,0,1.0,0,13688,0.0
2026-10-03,R선스크린 (260505),R라인_맞춤 타겟,바르는 양,217,16,16,0,0,0,0,1.0,0,13562,0.0
2026-10-04,R선스크린 (260505),R라인_맞춤 타겟,바르는 양,588,29,33,1,1,0,0,1.138,588,17818,3.03
2026-10-05,R선스크린 (260505),R라인_맞춤 타겟,바르는 양,143,9,9,0,0,0,0,1.0,0,15889,0.0
2026-09-07,R선스크린 (260505),R라인_맞춤 타겟,선크림을 발라야 하는 이유,684,17,19,0,0,0,0,1.118,0,36000,0.0
2026-09-08,R선스크린 (260505),R라인_맞춤 타겟,선크림을 발라야 하는 이유,43,1,2,0,0,0,0,2.0,0,21500,0.0
2026-09-10,R선스크린 (260505),R라인_맞춤 타겟,선크림을 발라야 하는 이유,28,3,4,0,0,0,0,1.333,0,7000,0.0
2026-09-12,R선스크린 (260505),R라인_맞춤 타겟,선크림을 발라야 하는 이유,18,3,3,0,0,0,0,1.0,0,6000,0.0
2026-09-13,R선스크린 (260505),R라인_맞춤 타겟,선크림을 발라야 하는 이유,6,1,1,0,0,0,0,1.0,0,6000,0.0
2026-09-14,R선스크린 (260505),R라인_맞춤 타겟,선크림을 발라야 하는 이유,9,1,2,0,0,0,0,2.0,0,4500,0.0
2026-09-15,R선스크린 (260505),R라인_맞춤 타겟,선크림을 발라야 하는 이유,85,2,3,0,0,0,0,1.5,0,28333,0.0
2026-09-17,R선스크린 (260505),R라인_맞춤 타겟,선크림을 발라야 하는 이유,1216,36,38,0,0,0,0,1.056,0,32000,0.0
2026-09-18,R선스크린 (260505),R라인_맞춤 타겟,선크림을 발라야 하는 이유,9,1,1,1,1,0,0,1.0,9,9000,100.0
2026-09-19,R선스크린 (260505),R라인_맞춤 타겟,선크림을 발라야 하는 이유,358,13,14,1,1,0,0,1.077,358,25571,7.143
2026-09-20,R선스크린 (260505),R라인_맞춤 타겟,선크림을 발라야 하는 이유,130,6,6,0,0,0,0,1.0,0,21667,0.0
2026-09-22,R선스크린 (260505),R라인_맞춤 타겟,선크림을 발라야 하는 이유,164,5,6,0,0,0,0,1.2,0,27333,0.0
2026-09-23,R선스크린 (260505),R라인_맞춤 타겟,선크림을 발라야 하는 이유,8,1,1,0,0,0,0,1.0,0,8000,0.0
2026-09-24,R선스크린 (260505),R라인_맞춤 타겟,선크림을 발라야 하는 이유,14,2,2,0,0,0,0,1.0,0,7000,0.0
2026-09-25,R선스크린 (260505),R라인_맞춤 타겟,선크림을 발라야 하는 이유,601,27,28,0,0,0,0,1.037,0,21464,0.0
2026-09-26,R선스크린 (260505),R라인_맞춤 타겟,선크림을 발라야 하는 이유,844,41,48,0,0,0,0,1.171,0,17583,0.0
2026-09-27,R선스크린 (260505),R라인_맞춤 타겟,선크림을 발라야 하는 이유,1831,70,83,3,1,0,0,1.186,610,22060,3.614
2026-09-28,R선스크린 (260505),R라인_맞춤 타겟,선크림을 발라야 하는 이유,443,32,33,0,0,0,0,1.031,0,13424,0.0
2026-09-29,R선스크린 (260505),R라인_맞춤 타겟,선크림을 발라야 하는 이유,669,25,26,1,1,0,0,1.04,669,25731,3.846
2026-09-30,R선스크린 (260505),R라인_맞춤 타겟,선크림을 발라야 하는 이유,1595,39,50,0,0,0,0,1.282,0,31900,0.0
2026-10-01,R선스크린 (260505),R라인_맞춤 타겟,선크림을 발라야 하는 이유,4,1,1,0,0,0,0,1.0,0,4000,0.0
2026-10-02,R선스크린 (260505),R라인_맞춤 타겟,선크림을 발라야 하는 이유,563,19,20,0,0,0,0,1.053,0,28150,0.0
2026-10-03,R선스크린 (260505),R라인_맞춤 타겟,선크림을 발라야 하는 이유,49,3,4,2,1,0,0,1.333,24,12250,50.0
2026-10-04,R선스크린 (260505),R라인_맞춤 타겟,선크림을 발라야 하는 이유,96,6,7,1,0,0,0,1.167,96,13714,14.286
2026-09-08,R선스크린 (260505),R라인_맞춤 타겟,어린이도 자외선 차단제 바를 것,178,21,24,1,1,0,0,1.143,178,7417,4.167
2026-09-11,R선스크린 (260505),R라인_맞춤 타겟,어린이도 자외선 차단제 바를 것,440,19,23,0,0,0,0,1.211,0,19130,0.0
2026-09-13,R선스크린 (260505),R라인_맞춤 타겟,어린이도 자외선 차단제 바를 것,791,38,48,0,0,0,0,1.263,0,16479,0.0
2026-09-14,R선스크린 (260505),R라인_맞춤 타겟,어린이도 자외선 차단제 바를 것,401,28,32,0,0,0,0,1.143,0,12531,0.0
2026-09-15,R선스크린 (260505),R라인_맞춤 타겟,어린이도 자외선 차단제 바를 것,9,2,2,0,0,0,0,1.0,0,4500,0.0
2026-09-16,R선스크린 (260505),R라인_맞춤 타겟,어린이도 자외선 차단제 바를 것,647,21,25,1,1,0,0,1.19,647,25880,4.0
2026-09-18,R선스크린 (260505),R라인_맞춤 타겟,어린이도 자외선 차단제 바를 것,1739,47,57,1,0,0,0,1.213,1739,30509,1.754
2026-09-20,R선스크린 (260505),R라인_맞춤 타겟,어린이도 자외선 차단제 바를 것,6,2,2,0,0,0,0,1.0,0,3000,0.0
2026-09-21,R선스크린 (260505),R라인_맞춤 타겟,어린이도 자외선 차단제 바를 것,674,22,32,0,0,0,0,1.455,0,21062,0.0
2026-09-23,R선스크린 (260505),R라인_맞춤 타겟,어린이도 자외선 차단제 바를 것,1337,74,80,3,3,0,0,1.081,446,16712,3.75
2026-09-24,R선스크린 (260505),R라인_맞춤 타겟,어린이도 자외선 차단제 바를 것,368,22,28,0,0,0,0,1.273,0,13143,0.0
2026-09-25,R선스크린 (260505),R라인_맞춤 타겟,어린이도 자외선 차단제 바를 것,82,6,6,0,0,0,0,1.0,0,13667,0.0
2026-09-26,R선스크린 (260505),R라인_맞춤 타겟,어린이도 자외선 차단제 바를 것,8,1,1,0,0,0,0,1.0,0,8000,0.0
2026-09-28,R선스크린 (260505),R라인_맞춤 타겟,어린이도 자외선 차단제 바를 것,295,20,21,0,0,0,0,1.05,0,14048,0.0
2026-09-30,R선스크린 (260505),R라인_맞춤 타겟,어린이도 자외선 차단제 바를 것,62,5,5,0,0,0,0,1.0,0,12400,0.0
2026-10-01,R선스크린 (260505),R라인_맞춤 타겟,어린이도 자외선 차단제 바를 것,326,16,18,0,0,0,0,1.125,0,18111,0.0
2026-10-02,R선스크린 (260505),R라인_맞춤 타겟,어린이도 자외선 차단제 바를 것,1609,43,52,1,1,0,0,1.209,1609,30942,1.923
2026-10-03,R선스크린 (260505),R라인_맞춤 타겟,어린이도 자외선 차단제 바를 것,931,20,26,3,1,0,0,1.3,310,35808,11.538
2026-10-04,R선스크린 (260505),R라인_맞춤 타겟,어린이도 자외선 차단제 바를 것,1611,81,96,2,2,0,0,1.185,806,16781,2.083
2026-10-05,R선스크린 (260505),R라인_맞춤 타겟,어린이도 자외선 차단제 바를 것,957,53,69,0,0,0,0,1.302,0,13870,0.0
2026-09-07,R선스크린 (260505),R라인_맞춤 타겟,황금추출물,27180,634,759,75,38,16,938800,1.197,362,35810,9.881
2026-09-08,R선스크린 (260505),R라인_맞춤 타겟,황금추출물,20895,806,995,39,23,0,0,1.234,536,21000,3.92
2026-09-09,R선스크린 (260505),R라인_맞춤 타겟,황금추출물,19226,662,802,40,32,1,26100,1.211,481,23973,4.988
2026-09-10,R선스크린 (260505),R라인_맞춤 타겟,황금추출물,14528,661,820,20,16,4,228400,1.241,726,17717,2.439
2026-09-11,R선스크린 (260505),R라인_맞춤 타겟,황금추출물,16882,595,777,23,18,0,0,1.306,734,21727,2.96
2026-09-12,R선스크린 (260505),R라인_맞춤 타겟,황금추출물,16613,603,732,27,18,1,35000,1.214,615,22695,3.689
2026-09-13,R선스크린 (260505),R라인_맞춤 타겟,황금추출물,17945,713,851,18,16,0,0,1.194,997,21087,2.115
2026-09-14,R선스크린 (260505),R라인_맞춤 타겟,황금추출물,16805,653,791,22,19,1,93100,1.211,764,21245,2.781
2026-09-15,R선스크린 (260505),R라인_맞춤 타겟,황금추출물,17506,643,790,26,22,1,59500,1.229,673,22159,3.291
2026-09-16,R선스크린 (260505),R라인_맞춤 타겟,황금추출물,25673,893,1105,35,25,0,0,1.237,734,23233,3.167
2026-09-17,R선스크린 (260505),R라인_맞춤 타겟,황금추출물,23927,717,910,23,16,3,131600,1.269,1040,26293,2.527
2026-09-18,R선스크린 (260505),R라인_맞춤 타겟,황금추출물,22270,785,1013,22,20,4,233250,1.29,1012,21984,2.172
2026-09-19,R선스크린 (260505),R라인_맞춤 타겟,황금추출물,20546,674,873,25,24,3,116750,1.295,822,23535,2.864
2026-09-20,R선스크린 (260505),R라인_맞춤 타겟,황금추출물,24923,764,1014,39,29,0,0,1.327,639,24579,3.846
2026-09-21,R선스크린 (260505),R라인_맞춤 타겟,황금추출물,19734,753,980,35,30,1,36750,1.301,564,20137,3.571
2026-09-22,R선스크린 (260505),R라인_맞춤 타겟,황금추출물,22048,820,1041,40,30,2,175400,1.27,551,21180,3.842
2026-09-23,R선스크린 (260505),R라인_맞춤 타겟,황금추출물,21797,1005,1184,35,29,0,0,1.178,623,18410,2.956
2026-09-24,R선스크린 (260505),R라인_맞춤 타겟,황금추출물,23937,1003,1277,35,23,2,81350,1.273,684,18745,2.741
2026-09-25,R선스크린 (260505),R라인_맞춤 타겟,황금추출물,22677,950,1194,35,32,0,0,1.257,648,18992,2.931
2026-09-26,R선스크린 (260505),R라인_맞춤 타겟,황금추출물,20322,1063,1224,35,28,1,30750,1.151,581,16603,2.859
2026-09-27,R선스크린 (260505),R라인_맞춤 타겟,황금추출물,18553,759,869,35,28,2,66850,1.145,530,21350,4.028
2026-09-28,R선스크린 (260505),R라인_맞춤 타겟,황금추출물,16744,642,844,14,13,0,0,1.315,1196,19839,1.659
2026-09-29,R선스크린 (260505),R라인_맞춤 타겟,황금추출물,15557,709,917,23,17,1,3000,1.293,676,16965,2.508
2026-09-30,R선스크린 (260505),R라인_맞춤 타겟,황금추출물,12709,502,694,25,16,1,35000,1.382,508,18313,3.602
2026-10-01,R선스크린 (260505),R라인_맞춤 타겟,황금추출물,14354,630,800,23,12,3,43800,1.27,624,17942,2.875
2026-10-02,R선스크린 (260505),R라인_맞춤 타겟,황금추출물,11595,413,538,17,11,1,51400,1.303,682,21552,3.16
2026-10-03,R선스크린 (260505),R라인_맞춤 타겟,황금추출물,9794,256,301,28,19,7,356400,1.176,350,32538,9.302
2026-10-04,R선스크린 (260505),R라인_맞춤 타겟,황금추출물,23727,857,1134,64,40,4,374200,1.323,371,20923,5.644
2026-10-05,R선스크린 (260505),R라인_맞춤 타겟,황금추출물,17041,889,1083,33,25,3,73000,1.218,516,15735,3.047
2026-09-07,W 에센스 크림,W라인_논타겟,나이 들어 보여서 미치겠어요 Ver.1,7044,381,440,2,2,0,0,1.155,3522,16009,0.455
2026-09-08,W 에센스 크림,W라인_논타겟,나이 들어 보여서 미치겠어요 Ver.1,2295,95,111,0,0,0,0,1.168,0,20676,0.0
2026-09-09,W 에센스 크림,W라인_논타겟,나이 들어 보여서 미치겠어요 Ver.1,529,23,27,0,0,0,0,1.174,0,19593,0.0
2026-09-10,W 에센스 크림,W라인_논타겟,나이 들어 보여서 미치겠어요 Ver.1,670,27,29,0,0,0,0,1.074,0,23103,0.0
2026-09-20,W 에센스 크림,W라인_논타겟,나이 들어 보여서 미치겠어요 Ver.1,30,1,1,0,0,0,0,1.0,0,30000,0.0
2026-09-08,W 에센스 크림,W라인_논타겟,나이 들어 보여서 미치겠어요 Ver.2,29,1,1,0,0,0,0,1.0,0,29000,0.0
2026-09-09,W 에센스 크림,W라인_논타겟,나이 들어 보여서 미치겠어요 Ver.2,8,1,1,0,0,0,0,1.0,0,8000,0.0
2026-09-08,W 에센스 크림,W라인_논타겟,나이 들어 보여서 미치겠어요 Ver.3,308,1,1,0,0,0,0,1.0,0,308000,0.0
2026-09-08,W 에센스 크림,W라인_논타겟,나이 들어 보여서 미치겠어요 Ver.5,22,3,3,0,0,0,0,1.0,0,7333,0.0
2026-09-10,W 에센스 크림,W라인_논타겟,제품 Ver.1,529,15,17,6,5,0,0,1.133,88,31118,35.294
2026-09-11,W 에센스 크림,W라인_논타겟,제품 Ver.1,31,4,4,0,0,0,0,1.0,0,7750,0.0
2026-09-12,W 에센스 크림,W라인_논타겟,제품 Ver.1,10,1,1,0,0,0,0,1.0,0,10000,0.0
2026-09-13,W 에센스 크림,W라인_논타겟,제품 Ver.1,229,20,25,0,0,0,0,1.25,0,9160,0.0
2026-09-16,W 에센스 크림,W라인_논타겟,제품 Ver.1,40,3,3,0,0,0,0,1.0,0,13333,0.0
2026-09-18,W 에센스 크림,W라인_논타겟,제품 Ver.1,232,15,18,0,0,0,0,1.2,0,12889,0.0
2026-09-20,W 에센스 크림,W라인_논타겟,제품 Ver.1,3,1,1,0,0,0,0,1.0,0,3000,0.0
2026-09-21,W 에센스 크림,W라인_논타겟,제품 Ver.1,117,5,6,0,0,0,0,1.2,0,19500,0.0
2026-09-23,W 에센스 크림,W라인_논타겟,제품 Ver.1,304,2,2,0,0,0,0,1.0,0,152000,0.0
2026-09-26,W 에센스 크림,W라인_논타겟,제품 Ver.1,5,2,3,0,0,0,0,1.5,0,1667,0.0
2026-09-28,W 에센스 크림,W라인_논타겟,제품 Ver.1,153,1,1,0,0,0,0,1.0,0,153000,0.0
2026-09-10,W 에센스 크림,W라인_논타겟,제품 Ver.2,175,20,25,4,5,0,0,1.25,44,7000,16.0
2026-09-11,W 에센스 크림,W라인_논타겟,제품 Ver.2,808,43,48,1,1,0,0,1.116,808,16833,2.083
2026-09-12,W 에센스 크림,W라인_논타겟,제품 Ver.2,689,35,44,1,1,0,0,1.257,689,15659,2.273
2026-09-13,W 에센스 크림,W라인_논타겟,제품 Ver.2,2064,67,81,3,2,0,0,1.209,688,25481,3.704
2026-09-14,W 에센스 크림,W라인_논타겟,제품 Ver.2,1136,60,81,5,3,1,143000,1.35,227,14025,6.173
2026-09-15,W 에센스 크림,W라인_논타겟,제품 Ver.2,856,31,53,0,0,0,0,1.71,0,16151,0.0
2026-09-16,W 에센스 크림,W라인_논타겟,제품 Ver.2,2982,91,121,1,1,0,0,1.33,2982,24645,0.826
2026-09-17,W 에센스 크림,W라인_논타겟,제품 Ver.2,2919,108,179,1,1,1,64000,1.657,2919,16307,0.559
2026-09-18,W 에센스 크림,W라인_논타겟,제품 Ver.2,1813,64,101,0,0,0,0,1.578,0,17950,0.0
2026-09-19,W 에센스 크림,W라인_논타겟,제품 Ver.2,1882,79,99,1,1,0,0,1.253,1882,19010,1.01
2026-09-20,W 에센스 크림,W라인_논타겟,제품 Ver.2,2567,80,112,1,2,0,0,1.4,2567,22920,0.893
2026-09-21,W 에센스 크림,W라인_논타겟,제품 Ver.2,3781,112,249,1,1,0,0,2.223,3781,15185,0.402
2026-09-22,W 에센스 크림,W라인_논타겟,제품 Ver.2,3221,134,235,8,11,0,0,1.754,403,13706,3.404
2026-09-23,W 에센스 크림,W라인_논타겟,제품 Ver.2,1360,83,126,1,1,0,0,1.518,1360,10794,0.794
2026-09-24,W 에센스 크림,W라인_논타겟,제품 Ver.2,2431,110,154,4,4,0,0,1.4,608,15786,2.597
2026-09-25,W 에센스 크림,W라인_논타겟,제품 Ver.2,1833,52,71,2,3,0,0,1.365,916,25817,2.817
2026-09-26,W 에센스 크림,W라인_논타겟,제품 Ver.2,1049,75,118,5,4,0,0,1.573,210,8890,4.237
2026-09-27,W 에센스 크림,W라인_논타겟,제품 Ver.2,373,27,32,1,1,0,0,1.185,373,11656,3.125
2026-09-28,W 에센스 크림,W라인_논타겟,제품 Ver.2,768,45,69,3,3,0,0,1.533,256,11130,4.348
2026-09-29,W 에센스 크림,W라인_논타겟,제품 Ver.2,439,20,23,2,1,0,0,1.15,220,19087,8.696
2026-09-30,W 에센스 크림,W라인_논타겟,제품 Ver.2,119,8,8,0,0,0,0,1.0,0,14875,0.0
2026-10-01,W 에센스 크림,W라인_논타겟,제품 Ver.2,78,8,9,0,0,0,0,1.125,0,8667,0.0
2026-10-02,W 에센스 크림,W라인_논타겟,제품 Ver.2,438,10,12,0,0,0,0,1.2,0,36500,0.0
2026-10-03,W 에센스 크림,W라인_논타겟,제품 Ver.2,7,1,1,0,0,0,0,1.0,0,7000,0.0
2026-10-04,W 에센스 크림,W라인_논타겟,제품 Ver.2,1,1,3,0,0,0,0,3.0,0,333,0.0
2026-09-08,W 에센스 크림,W라인_맞춤 타겟,나이 들어 보여서 미치겠어요 Ver.1,5,2,2,0,0,0,0,1.0,0,2500,0.0
2026-09-10,W 에센스 크림,W라인_맞춤 타겟,나이 들어 보여서 미치겠어요 Ver.1,28,2,2,0,0,0,0,1.0,0,14000,0.0
2026-09-28,W 에센스 크림,W라인_맞춤 타겟,나이 들어 보여서 미치겠어요 Ver.1,68,2,2,0,0,0,0,1.0,0,34000,0.0
2026-10-01,W 에센스 크림,W라인_맞춤 타겟,나이 들어 보여서 미치겠어요 Ver.1,67,1,1,1,1,0,0,1.0,67,67000,100.0
2026-10-02,W 에센스 크림,W라인_맞춤 타겟,나이 들어 보여서 미치겠어요 Ver.1,74,1,1,0,0,0,0,1.0,0,74000,0.0
2026-09-08,W 에센스 크림,W라인_맞춤 타겟,나이 들어 보여서 미치겠어요 Ver.2,33,4,4,0,0,0,0,1.0,0,8250,0.0
2026-09-10,W 에센스 크림,W라인_맞춤 타겟,나이 들어 보여서 미치겠어요 Ver.2,48,1,1,0,0,0,0,1.0,0,48000,0.0
2026-09-07,W 에센스 크림,W라인_맞춤 타겟,나이 들어 보여서 미치겠어요 Ver.3,9072,260,325,9,5,0,0,1.25,1008,27914,2.769
2026-09-08,W 에센스 크림,W라인_맞춤 타겟,나이 들어 보여서 미치겠어요 Ver.3,7791,401,518,4,3,0,0,1.292,1948,15041,0.772
2026-09-09,W 에센스 크림,W라인_맞춤 타겟,나이 들어 보여서 미치겠어요 Ver.3,12794,316,465,8,6,0,0,1.472,1599,27514,1.72
2026-09-10,W 에센스 크림,W라인_맞춤 타겟,나이 들어 보여서 미치겠어요 Ver.3,6128,187,245,3,2,0,0,1.31,2043,25012,1.224
2026-09-11,W 에센스 크림,W라인_맞춤 타겟,나이 들어 보여서 미치겠어요 Ver.3,0,0,0,0,0,0,0,0.0,0,0,0
2026-09-07,W 에센스 크림,W라인_맞춤 타겟,나이 들어 보여서 미치겠어요 Ver.4,2845,320,380,2,1,0,0,1.188,1422,7487,0.526
2026-09-08,W 에센스 크림,W라인_맞춤 타겟,나이 들어 보여서 미치겠어요 Ver.4,3875,237,297,1,1,0,0,1.253,3875,13047,0.337
2026-09-09,W 에센스 크림,W라인_맞춤 타겟,나이 들어 보여서 미치겠어요 Ver.4,3303,165,238,4,3,0,0,1.442,826,13878,1.681
2026-09-10,W 에센스 크림,W라인_맞춤 타겟,나이 들어 보여서 미치겠어요 Ver.4,1622,95,125,2,1,0,0,1.316,811,12976,1.6
2026-09-13,W 에센스 크림,W라인_맞춤 타겟,나이 들어 보여서 미치겠어요 Ver.4,3,1,1,0,0,0,0,1.0,0,3000,0.0
2026-09-15,W 에센스 크림,W라인_맞춤 타겟,나이 들어 보여서 미치겠어요 Ver.4,40,3,4,0,0,0,0,1.333,0,10000,0.0
2026-09-18,W 에센스 크림,W라인_맞춤 타겟,나이 들어 보여서 미치겠어요 Ver.4,1,1,1,0,0,0,0,1.0,0,1000,0.0
2026-09-20,W 에센스 크림,W라인_맞춤 타겟,나이 들어 보여서 미치겠어요 Ver.4,17,2,2,0,0,0,0,1.0,0,8500,0.0
2026-09-22,W 에센스 크림,W라인_맞춤 타겟,나이 들어 보여서 미치겠어요 Ver.4,266,2,2,1,1,0,0,1.0,266,133000,50.0
2026-09-28,W 에센스 크림,W라인_맞춤 타겟,나이 들어 보여서 미치겠어요 Ver.4,303,4,4,0,0,0,0,1.0,0,75750,0.0
2026-09-30,W 에센스 크림,W라인_맞춤 타겟,나이 들어 보여서 미치겠어요 Ver.4,115,3,3,0,0,0,0,1.0,0,38333,0.0
2026-10-05,W 에센스 크림,W라인_맞춤 타겟,나이 들어 보여서 미치겠어요 Ver.4,4,1,1,0,0,0,0,1.0,0,4000,0.0
2026-09-07,W 에센스 크림,W라인_맞춤 타겟,나이 들어 보여서 미치겠어요 Ver.5,10803,448,536,6,4,0,0,1.196,1800,20155,1.119
2026-09-08,W 에센스 크림,W라인_맞춤 타겟,나이 들어 보여서 미치겠어요 Ver.5,6098,279,383,3,2,0,0,1.373,2033,15922,0.783
2026-09-09,W 에센스 크림,W라인_맞춤 타겟,나이 들어 보여서 미치겠어요 Ver.5,2734,115,154,3,1,0,0,1.339,911,17753,1.948
2026-09-10,W 에센스 크림,W라인_맞춤 타겟,나이 들어 보여서 미치겠어요 Ver.5,581,41,49,0,0,0,0,1.195,0,11857,0.0
2026-09-28,W 에센스 크림,W라인_맞춤 타겟,나이 들어 보여서 미치겠어요 Ver.5,62,3,3,0,0,0,0,1.0,0,20667,0.0
2026-10-01,W 에센스 크림,W라인_맞춤 타겟,나이 들어 보여서 미치겠어요 Ver.5,121,3,3,0,0,0,0,1.0,0,40333,0.0
2026-10-02,W 에센스 크림,W라인_맞춤 타겟,나이 들어 보여서 미치겠어요 Ver.5,147,3,4,0,0,0,0,1.333,0,36750,0.0
2026-10-03,W 에센스 크림,W라인_맞춤 타겟,나이 들어 보여서 미치겠어요 Ver.5,36,1,1,0,0,0,0,1.0,0,36000,0.0
2026-10-05,W 에센스 크림,W라인_맞춤 타겟,나이 들어 보여서 미치겠어요 Ver.5,49,2,2,0,0,0,0,1.0,0,24500,0.0
2026-09-10,W 에센스 크림,W라인_맞춤 타겟,제품 Ver.1,12383,731,826,5,4,0,0,1.13,2477,14992,0.605
2026-09-11,W 에센스 크림,W라인_맞춤 타겟,제품 Ver.1,7254,226,346,7,6,0,0,1.531,1036,20965,2.023
2026-09-12,W 에센스 크림,W라인_맞춤 타겟,제품 Ver.1,1974,108,139,4,3,2,91000,1.287,494,14201,2.878
2026-09-13,W 에센스 크림,W라인_맞춤 타겟,제품 Ver.1,164,5,5,0,0,0,0,1.0,0,32800,0.0
2026-09-14,W 에센스 크림,W라인_맞춤 타겟,제품 Ver.1,9111,236,332,5,5,0,0,1.407,1822,27443,1.506
2026-09-15,W 에센스 크림,W라인_맞춤 타겟,제품 Ver.1,7701,181,297,8,8,0,0,1.641,963,25929,2.694
2026-09-16,W 에센스 크림,W라인_맞춤 타겟,제품 Ver.1,1796,56,78,2,3,0,0,1.393,898,23026,2.564
2026-09-17,W 에센스 크림,W라인_맞춤 타겟,제품 Ver.1,1887,54,62,0,0,0,0,1.148,0,30435,0.0
2026-09-18,W 에센스 크림,W라인_맞춤 타겟,제품 Ver.1,695,21,23,1,1,1,29750,1.095,695,30217,4.348
2026-09-20,W 에센스 크림,W라인_맞춤 타겟,제품 Ver.1,1177,36,40,3,2,0,0,1.111,392,29425,7.5
2026-09-21,W 에센스 크림,W라인_맞춤 타겟,제품 Ver.1,6453,231,391,1,1,0,0,1.693,6453,16504,0.256
2026-09-22,W 에센스 크림,W라인_맞춤 타겟,제품 Ver.1,4129,114,155,3,2,0,0,1.36,1376,26639,1.935
2026-09-23,W 에센스 크림,W라인_맞춤 타겟,제품 Ver.1,2561,88,110,4,4,0,0,1.25,640,23282,3.636
2026-09-24,W 에센스 크림,W라인_맞춤 타겟,제품 Ver.1,982,55,64,1,1,1,24500,1.164,982,15344,1.562
2026-09-25,W 에센스 크림,W라인_맞춤 타겟,제품 Ver.1,3820,124,173,4,2,1,123750,1.395,955,22081,2.312
2026-09-26,W 에센스 크림,W라인_맞춤 타겟,제품 Ver.1,1961,104,153,1,1,0,0,1.471,1961,12817,0.654
2026-09-27,W 에센스 크림,W라인_맞춤 타겟,제품 Ver.1,6387,265,488,7,6,0,0,1.842,912,13088,1.434
2026-09-28,W 에센스 크림,W라인_맞춤 타겟,제품 Ver.1,6314,221,554,2,2,0,0,2.507,3157,11397,0.361
2026-09-29,W 에센스 크림,W라인_맞춤 타겟,제품 Ver.1,8991,285,531,4,4,0,0,1.863,2248,16932,0.753
2026-09-30,W 에센스 크림,W라인_맞춤 타겟,제품 Ver.1,7173,292,523,10,10,0,0,1.791,717,13715,1.912
2026-10-01,W 에센스 크림,W라인_맞춤 타겟,제품 Ver.1,7636,306,579,10,10,1,30000,1.892,764,13188,1.727
2026-10-02,W 에센스 크림,W라인_맞춤 타겟,제품 Ver.1,8271,229,588,7,7,0,0,2.568,1182,14066,1.19
2026-10-03,W 에센스 크림,W라인_맞춤 타겟,제품 Ver.1,7489,179,311,8,7,1,27400,1.737,936,24080,2.572
2026-10-04,W 에센스 크림,W라인_맞춤 타겟,제품 Ver.1,11265,321,529,11,11,0,0,1.648,1024,21295,2.079
2026-10-05,W 에센스 크림,W라인_맞춤 타겟,제품 Ver.1,7222,402,567,5,6,0,0,1.41,1444,12737,0.882
2026-09-10,W 에센스 크림,W라인_맞춤 타겟,제품 Ver.2,3717,175,196,6,4,0,0,1.12,620,18964,3.061
2026-09-11,W 에센스 크림,W라인_맞춤 타겟,제품 Ver.2,4712,117,178,5,5,0,0,1.521,942,26472,2.809
2026-09-12,W 에센스 크림,W라인_맞춤 타겟,제품 Ver.2,3384,123,183,2,2,1,65800,1.488,1692,18492,1.093
2026-09-13,W 에센스 크림,W라인_맞춤 타겟,제품 Ver.2,21120,567,1028,29,28,0,0,1.813,728,20545,2.821
2026-09-14,W 에센스 크림,W라인_맞춤 타겟,제품 Ver.2,13982,518,899,11,10,0,0,1.736,1271,15553,1.224
2026-09-15,W 에센스 크림,W라인_맞춤 타겟,제품 Ver.2,13508,455,903,14,17,0,0,1.985,965,14959,1.55
2026-09-16,W 에센스 크림,W라인_맞춤 타겟,제품 Ver.2,13825,354,808,10,11,0,0,2.282,1382,17110,1.238
2026-09-17,W 에센스 크림,W라인_맞춤 타겟,제품 Ver.2,15753,383,764,15,14,4,599430,1.995,1050,20619,1.963
2026-09-18,W 에센스 크림,W라인_맞춤 타겟,제품 Ver.2,14010,409,760,12,12,0,0,1.858,1168,18434,1.579
2026-09-19,W 에센스 크림,W라인_맞춤 타겟,제품 Ver.2,11922,377,525,11,10,1,26750,1.393,1084,22709,2.095
2026-09-20,W 에센스 크림,W라인_맞춤 타겟,제품 Ver.2,19610,445,843,21,17,6,370820,1.894,934,23262,2.491
2026-09-21,W 에센스 크림,W라인_맞춤 타겟,제품 Ver.2,11122,434,847,12,11,2,95400,1.952,927,13131,1.417
2026-09-22,W 에센스 크림,W라인_맞춤 타겟,제품 Ver.2,14191,413,826,12,12,0,0,2.0,1183,17180,1.453
2026-09-23,W 에센스 크림,W라인_맞춤 타겟,제품 Ver.2,14288,460,909,17,20,0,0,1.976,840,15718,1.87
2026-09-24,W 에센스 크림,W라인_맞춤 타겟,제품 Ver.2,14225,448,794,15,17,0,0,1.772,948,17916,1.889
2026-09-25,W 에센스 크림,W라인_맞춤 타겟,제품 Ver.2,14556,451,811,16,16,0,0,1.798,910,17948,1.973
2026-09-26,W 에센스 크림,W라인_맞춤 타겟,제품 Ver.2,13866,557,995,9,8,0,0,1.786,1541,13936,0.905
2026-09-27,W 에센스 크림,W라인_맞춤 타겟,제품 Ver.2,16581,557,1147,15,16,1,34450,2.059,1105,14456,1.308
2026-09-28,W 에센스 크림,W라인_맞춤 타겟,제품 Ver.2,16123,650,1587,24,25,0,0,2.442,672,10159,1.512
2026-09-29,W 에센스 크림,W라인_맞춤 타겟,제품 Ver.2,10914,486,1061,10,12,0,0,2.183,1091,10287,0.943
2026-09-30,W 에센스 크림,W라인_맞춤 타겟,제품 Ver.2,10669,436,885,19,18,0,0,2.03,562,12055,2.147
2026-10-01,W 에센스 크림,W라인_맞춤 타겟,제품 Ver.2,11130,424,916,10,11,1,27400,2.16,1113,12151,1.092
2026-10-02,W 에센스 크림,W라인_맞춤 타겟,제품 Ver.2,12095,365,774,11,10,1,30000,2.121,1100,15627,1.421
2026-10-03,W 에센스 크림,W라인_맞춤 타겟,제품 Ver.2,6768,256,419,1,2,3,105400,1.637,6768,16153,0.239
2026-10-04,W 에센스 크림,W라인_맞춤 타겟,제품 Ver.2,15668,417,731,12,14,3,104000,1.753,1306,21434,1.642
2026-10-05,W 에센스 크림,W라인_맞춤 타겟,제품 Ver.2,13216,553,929,2,2,0,0,1.68,6608,14226,0.215
2026-09-07,보습크림 판매 (260325),논타겟,좋은 보습 크림 고르는 법,55,2,2,0,0,0,0,1.0,0,27500,0.0
2026-09-08,보습크림 판매 (260325),논타겟,좋은 보습 크림 고르는 법,82,2,2,0,0,0,0,1.0,0,41000,0.0
2026-09-09,보습크림 판매 (260325),논타겟,좋은 보습 크림 고르는 법,21,2,2,0,0,0,0,1.0,0,10500,0.0
2026-09-12,보습크림 판매 (260325),논타겟,좋은 보습 크림 고르는 법,96,1,1,0,0,0,0,1.0,0,96000,0.0
2026-09-17,보습크림 판매 (260325),논타겟,좋은 보습 크림 고르는 법,118,7,7,0,0,0,0,1.0,0,16857,0.0
2026-09-18,보습크림 판매 (260325),논타겟,좋은 보습 크림 고르는 법,4,1,1,0,0,0,0,1.0,0,4000,0.0
2026-09-19,보습크림 판매 (260325),논타겟,좋은 보습 크림 고르는 법,41,2,2,0,0,0,0,1.0,0,20500,0.0
2026-09-20,보습크림 판매 (260325),논타겟,좋은 보습 크림 고르는 법,8,1,1,0,0,0,0,1.0,0,8000,0.0
2026-09-22,보습크림 판매 (260325),논타겟,좋은 보습 크림 고르는 법,7,1,1,0,0,0,0,1.0,0,7000,0.0
2026-09-23,보습크림 판매 (260325),논타겟,좋은 보습 크림 고르는 법,28,1,1,0,0,0,0,1.0,0,28000,0.0
2026-09-24,보습크림 판매 (260325),논타겟,좋은 보습 크림 고르는 법,219,13,14,0,0,0,0,1.077,0,15643,0.0
2026-09-25,보습크림 판매 (260325),논타겟,좋은 보습 크림 고르는 법,394,20,21,0,0,0,0,1.05,0,18762,0.0
2026-09-26,보습크림 판매 (260325),논타겟,좋은 보습 크림 고르는 법,384,23,23,0,0,0,0,1.0,0,16696,0.0
2026-09-07,보습크림 판매 (260325),논타겟,주사피부염 보습 크림,22040,638,800,44,37,8,397700,1.254,501,27550,5.5
2026-09-08,보습크림 판매 (260325),논타겟,주사피부염 보습 크림,9886,464,558,23,18,0,0,1.203,430,17717,4.122
2026-09-09,보습크림 판매 (260325),논타겟,주사피부염 보습 크림,3966,188,212,9,10,2,104000,1.128,441,18708,4.245
2026-09-10,보습크림 판매 (260325),논타겟,주사피부염 보습 크림,2311,115,125,9,7,1,25100,1.087,257,18488,7.2
2026-09-11,보습크림 판매 (260325),논타겟,주사피부염 보습 크림,3152,192,206,15,12,1,79000,1.073,210,15301,7.282
2026-09-12,보습크림 판매 (260325),논타겟,주사피부염 보습 크림,2636,129,138,8,7,0,0,1.07,330,19101,5.797
2026-09-13,보습크림 판매 (260325),논타겟,주사피부염 보습 크림,3617,238,249,12,10,0,0,1.046,301,14526,4.819
2026-09-14,보습크림 판매 (260325),논타겟,주사피부염 보습 크림,3514,196,217,20,14,0,0,1.107,176,16194,9.217
2026-09-15,보습크림 판매 (260325),논타겟,주사피부염 보습 크림,3051,191,206,11,6,0,0,1.079,277,14811,5.34
2026-09-16,보습크림 판매 (260325),논타겟,주사피부염 보습 크림,6986,341,388,24,19,1,26100,1.138,291,18005,6.186
2026-09-17,보습크림 판매 (260325),논타겟,주사피부염 보습 크림,10653,497,555,37,29,5,476800,1.117,288,19195,6.667
2026-09-18,보습크림 판매 (260325),논타겟,주사피부염 보습 크림,15924,816,937,50,43,1,3000,1.148,318,16995,5.336
2026-09-19,보습크림 판매 (260325),논타겟,주사피부염 보습 크림,10286,480,565,27,26,0,0,1.177,381,18205,4.779
2026-09-20,보습크림 판매 (260325),논타겟,주사피부염 보습 크림,11927,650,753,40,33,1,49850,1.158,298,15839,5.312
2026-09-21,보습크림 판매 (260325),논타겟,주사피부염 보습 크림,7335,353,385,14,12,2,262550,1.091,524,19052,3.636
2026-09-22,보습크림 판매 (260325),논타겟,주사피부염 보습 크림,6826,341,400,27,24,0,0,1.173,253,17065,6.75
2026-09-23,보습크림 판매 (260325),논타겟,주사피부염 보습 크림,7697,478,520,28,28,1,30750,1.088,275,14802,5.385
2026-09-24,보습크림 판매 (260325),논타겟,주사피부염 보습 크림,3484,153,163,9,11,0,0,1.065,387,21374,5.521
2026-09-18,추석맞이 할인행사_260918,논타겟,할인 게시물,10788,379,607,19,18,4,117500,1.602,568,17773,3.13
2026-09-19,추석맞이 할인행사_260918,논타겟,할인 게시물,22864,600,1109,35,31,5,465800,1.848,653,20617,3.156
2026-09-20,추석맞이 할인행사_260918,논타겟,할인 게시물,39719,1245,2366,39,36,4,125000,1.9,1018,16787,1.648
2026-09-21,추석맞이 할인행사_260918,논타겟,할인 게시물,28386,945,1782,30,28,5,318700,1.886,946,15929,1.684
2026-09-22,추석맞이 할인행사_260918,논타겟,할인 게시물,33811,1023,2063,34,29,10,571920,2.017,994,16389,1.648
2026-09-23,추석맞이 할인행사_260918,논타겟,할인 게시물,21522,837,1374,26,23,1,57350,1.642,828,15664,1.892
2026-09-24,추석맞이 할인행사_260918,논타겟,할인 게시물,18689,580,1049,16,14,3,272000,1.809,1168,17816,1.525
2026-09-25,추석맞이 할인행사_260918,논타겟,할인 게시물,18632,603,1166,29,25,2,113530,1.934,642,15979,2.487
2026-09-26,추석맞이 할인행사_260918,논타겟,할인 게시물,19112,664,1121,13,13,1,48460,1.688,1470,17049,1.16
2026-09-27,추석맞이 할인행사_260918,논타겟,할인 게시물,25585,814,1679,24,20,4,208960,2.063,1066,15238,1.429
2026-09-28,추석맞이 할인행사_260918,논타겟,할인 게시물,0,0,0,0,0,0,0,0.0,0,0,0
2026-09-30,추석맞이 할인행사_260918,논타겟,할인 게시물,0,0,0,0,0,0,0,0.0,0,0,0
2026-10-01,추석맞이 할인행사_260918,논타겟,할인 게시물,0,0,0,0,0,1,79800,0.0,0,0,0
2026-10-02,추석맞이 할인행사_260918,논타겟,할인 게시물,0,0,0,0,0,0,0,0.0,0,0,0
2026-10-03,추석맞이 할인행사_260918,논타겟,할인 게시물,0,0,0,0,0,0,0,0.0,0,0,0
2026-09-23,스누큐어 리커버리 토너,논타겟 - 스마트스토어,k__illea님,7,1,1,0,0,0,0,1.0,0,7000,0.0
2026-09-07,W 에센스 크림,논타겟_스마트스토어,나이 들어 보여서 미치겠어요 Ver.1,22,1,1,0,0,0,0,1.0,0,22000,0.0
2026-09-09,W 에센스 크림,논타겟_스마트스토어,나이 들어 보여서 미치겠어요 Ver.1,206,10,10,0,0,0,0,1.0,0,20600,0.0
2026-09-10,W 에센스 크림,논타겟_스마트스토어,나이 들어 보여서 미치겠어요 Ver.3,34,1,1,0,0,0,0,1.0,0,34000,0.0
2026-09-10,W 에센스 크림,논타겟_스마트스토어,나이 들어 보여서 미치겠어요 Ver.4,2,1,1,0,0,0,0,1.0,0,2000,0.0
2026-09-12,스누큐어 트러블 키트_260801,논타겟_스마트스토어,여드름 피부의 피부장벽,1,1,1,0,0,0,0,1.0,0,1000,0.0
2026-09-18,스누큐어 트러블 키트_260801,논타겟_스마트스토어,여드름 피부의 피부장벽,8,1,1,0,0,0,0,1.0,0,8000,0.0
2026-09-25,스누큐어 트러블 키트_260801,논타겟_스마트스토어,여드름 피부의 피부장벽,15,1,1,0,0,0,0,1.0,0,15000,0.0
2026-09-26,스누큐어 트러블 키트_260801,논타겟_스마트스토어,여드름 피부의 피부장벽,40,3,3,0,0,0,0,1.0,0,13333,0.0
2026-09-10,W 에센스 크림,논타겟_스마트스토어,제품 Ver.1,17,4,5,1,1,0,0,1.25,17,3400,20.0
2026-10-02,W 에센스 크림,논타겟_스마트스토어,제품 Ver.2,60,1,1,0,0,0,0,1.0,0,60000,0.0
2026-09-07,보습크림 판매 (260325),맞춤 타겟,약산성 보습제,15788,779,1185,29,19,2,58800,1.521,544,13323,2.447
2026-09-08,보습크림 판매 (260325),맞춤 타겟,약산성 보습제,18692,1086,1631,32,21,0,0,1.502,584,11460,1.962
2026-09-09,보습크림 판매 (260325),맞춤 타겟,약산성 보습제,9822,508,756,13,12,4,224330,1.488,756,12992,1.72
2026-09-10,보습크림 판매 (260325),맞춤 타겟,약산성 보습제,8452,476,736,16,12,4,139400,1.546,528,11484,2.174
2026-09-11,보습크림 판매 (260325),맞춤 타겟,약산성 보습제,5274,316,455,9,7,1,111000,1.44,586,11591,1.978
2026-09-12,보습크림 판매 (260325),맞춤 타겟,약산성 보습제,6329,381,543,8,5,3,173320,1.425,791,11656,1.473
2026-09-13,보습크림 판매 (260325),맞춤 타겟,약산성 보습제,7054,413,601,6,5,0,0,1.455,1176,11737,0.998
2026-09-14,보습크림 판매 (260325),맞춤 타겟,약산성 보습제,10870,537,852,17,14,2,106540,1.587,639,12758,1.995
2026-09-15,보습크림 판매 (260325),맞춤 타겟,약산성 보습제,13868,639,1026,10,9,1,72900,1.606,1387,13517,0.975
2026-09-16,보습크림 판매 (260325),맞춤 타겟,약산성 보습제,5100,294,362,4,2,0,0,1.231,1275,14088,1.105
2026-09-17,보습크림 판매 (260325),맞춤 타겟,약산성 보습제,4123,175,211,3,3,1,52620,1.206,1374,19540,1.422
2026-09-18,보습크림 판매 (260325),맞춤 타겟,약산성 보습제,763,50,63,1,1,0,0,1.26,763,12111,1.587
2026-09-19,보습크림 판매 (260325),맞춤 타겟,약산성 보습제,218,10,12,0,0,0,0,1.2,0,18167,0.0
2026-09-21,보습크림 판매 (260325),맞춤 타겟,약산성 보습제,11447,645,990,13,11,1,45750,1.535,881,11563,1.313
2026-09-22,보습크림 판매 (260325),맞춤 타겟,약산성 보습제,11259,584,925,12,11,0,0,1.584,938,12172,1.297
2026-09-23,보습크림 판매 (260325),맞춤 타겟,약산성 보습제,4767,294,412,7,6,1,36750,1.401,681,11570,1.699
2026-09-24,보습크림 판매 (260325),맞춤 타겟,약산성 보습제,9525,507,856,13,8,1,226250,1.688,733,11127,1.519
2026-09-25,보습크림 판매 (260325),맞춤 타겟,약산성 보습제,15857,792,1355,16,15,1,48870,1.711,991,11703,1.181
2026-09-26,보습크림 판매 (260325),맞춤 타겟,약산성 보습제,16152,822,1427,18,10,1,78000,1.736,897,11319,1.261
2026-09-27,보습크림 판매 (260325),맞춤 타겟,약산성 보습제,15279,753,1421,11,7,0,0,1.887,1389,10752,0.774
2026-09-28,보습크림 판매 (260325),맞춤 타겟,약산성 보습제,3742,239,307,3,2,4,234850,1.285,1247,12189,0.977
2026-09-29,보습크림 판매 (260325),맞춤 타겟,약산성 보습제,0,0,0,0,0,0,0,0.0,0,0,0
2026-09-30,보습크림 판매 (260325),맞춤 타겟,약산성 보습제,0,0,0,0,0,0,0,0.0,0,0,0
2026-10-01,보습크림 판매 (260325),맞춤 타겟,약산성 보습제,0,0,0,0,0,0,0,0.0,0,0,0
2026-09-23,보습크림 판매 (260325),맞춤 타겟,여드름 피부 - 피부 장벽 개선,1093,55,66,0,0,0,0,1.2,0,16561,0.0
2026-09-24,보습크림 판매 (260325),맞춤 타겟,여드름 피부 - 피부 장벽 개선,2425,95,116,4,3,0,0,1.221,606,20905,3.448
2026-09-25,보습크림 판매 (260325),맞춤 타겟,여드름 피부 - 피부 장벽 개선,1690,52,58,1,1,0,0,1.115,1690,29138,1.724
2026-09-26,보습크림 판매 (260325),맞춤 타겟,여드름 피부 - 피부 장벽 개선,2520,85,98,6,5,0,0,1.153,420,25714,6.122
2026-09-27,보습크림 판매 (260325),맞춤 타겟,여드름 피부 - 피부 장벽 개선,1773,88,108,1,0,1,80250,1.227,1773,16417,0.926
2026-09-28,보습크림 판매 (260325),맞춤 타겟,여드름 피부 - 피부 장벽 개선,511,23,25,1,1,0,0,1.087,511,20440,4.0
2026-09-09,보습크림 판매 (260325),맞춤 타겟,주사피부염 보습 크림,57,3,3,0,0,0,0,1.0,0,19000,0.0
2026-09-11,보습크림 판매 (260325),맞춤 타겟,주사피부염 보습 크림,299,17,17,0,0,0,0,1.0,0,17588,0.0
2026-09-13,보습크림 판매 (260325),맞춤 타겟,주사피부염 보습 크림,33,3,3,0,0,0,0,1.0,0,11000,0.0
2026-09-14,보습크림 판매 (260325),맞춤 타겟,주사피부염 보습 크림,454,23,23,1,1,0,0,1.0,454,19739,4.348
2026-09-15,보습크림 판매 (260325),맞춤 타겟,주사피부염 보습 크림,36,5,5,0,0,0,0,1.0,0,7200,0.0
2026-09-16,보습크림 판매 (260325),맞춤 타겟,주사피부염 보습 크림,725,29,30,1,1,0,0,1.034,725,24167,3.333
2026-09-18,보습크림 판매 (260325),맞춤 타겟,주사피부염 보습 크림,160,9,10,0,0,0,0,1.111,0,16000,0.0
2026-09-19,보습크림 판매 (260325),맞춤 타겟,주사피부염 보습 크림,85,7,7,0,0,0,0,1.0,0,12143,0.0
2026-09-21,보습크림 판매 (260325),맞춤 타겟,주사피부염 보습 크림,296,26,27,0,0,0,0,1.038,0,10963,0.0
2026-09-23,보습크림 판매 (260325),맞춤 타겟,주사피부염 보습 크림,2215,128,138,8,7,0,0,1.078,277,16051,5.797
2026-09-24,보습크림 판매 (260325),맞춤 타겟,주사피부염 보습 크림,3600,176,189,7,6,0,0,1.074,514,19048,3.704
2026-09-25,보습크림 판매 (260325),맞춤 타겟,주사피부염 보습 크림,0,0,0,0,0,0,0,0.0,0,0,0
2026-09-07,보습크림 판매 (260325),맞춤 타겟,혈액형당이 보습제에 중요한 이유,1608,47,51,5,4,4,164200,1.085,322,31529,9.804
2026-09-08,보습크림 판매 (260325),맞춤 타겟,혈액형당이 보습제에 중요한 이유,433,17,19,2,2,0,0,1.118,216,22789,10.526
2026-09-09,보습크림 판매 (260325),맞춤 타겟,혈액형당이 보습제에 중요한 이유,14197,436,541,34,28,1,3000,1.241,418,26242,6.285
2026-09-10,보습크림 판매 (260325),맞춤 타겟,혈액형당이 보습제에 중요한 이유,13531,485,576,40,30,0,0,1.188,338,23491,6.944
2026-09-11,보습크림 판매 (260325),맞춤 타겟,혈액형당이 보습제에 중요한 이유,13369,508,600,32,24,3,102100,1.181,418,22282,5.333
2026-09-12,보습크림 판매 (260325),맞춤 타겟,혈액형당이 보습제에 중요한 이유,15003,531,652,51,44,0,0,1.228,294,23011,7.822
2026-09-13,보습크림 판매 (260325),맞춤 타겟,혈액형당이 보습제에 중요한 이유,22490,904,1061,75,56,0,0,1.174,300,21197,7.069
2026-09-14,보습크림 판매 (260325),맞춤 타겟,혈액형당이 보습제에 중요한 이유,17904,647,771,45,37,3,160100,1.192,398,23222,5.837
2026-09-15,보습크림 판매 (260325),맞춤 타겟,혈액형당이 보습제에 중요한 이유,15580,518,612,20,12,1,25100,1.181,779,25458,3.268
2026-09-16,보습크림 판매 (260325),맞춤 타겟,혈액형당이 보습제에 중요한 이유,17033,589,654,30,16,1,3000,1.11,568,26044,4.587
2026-09-17,보습크림 판매 (260325),맞춤 타겟,혈액형당이 보습제에 중요한 이유,15714,508,578,25,18,1,38000,1.138,629,27187,4.325
2026-09-18,보습크림 판매 (260325),맞춤 타겟,혈액형당이 보습제에 중요한 이유,11602,349,417,18,15,1,49850,1.195,645,27823,4.317
2026-09-19,보습크림 판매 (260325),맞춤 타겟,혈액형당이 보습제에 중요한 이유,11614,338,392,18,16,4,174850,1.16,645,29628,4.592
2026-09-20,보습크림 판매 (260325),맞춤 타겟,혈액형당이 보습제에 중요한 이유,20671,646,834,41,30,2,332750,1.291,504,24785,4.916
2026-09-21,보습크림 판매 (260325),맞춤 타겟,혈액형당이 보습제에 중요한 이유,14334,508,595,24,20,2,166650,1.171,597,24091,4.034
2026-09-22,보습크림 판매 (260325),맞춤 타겟,혈액형당이 보습제에 중요한 이유,13690,546,662,36,23,1,3000,1.212,380,20680,5.438
2026-09-23,보습크림 판매 (260325),맞춤 타겟,혈액형당이 보습제에 중요한 이유,11826,428,485,27,20,3,357850,1.133,438,24384,5.567
2026-09-24,보습크림 판매 (260325),맞춤 타겟,혈액형당이 보습제에 중요한 이유,9539,253,280,7,7,0,0,1.107,1363,34068,2.5
2026-09-25,보습크림 판매 (260325),맞춤 타겟,혈액형당이 보습제에 중요한 이유,11036,400,469,29,22,0,0,1.173,381,23531,6.183
2026-09-26,보습크림 판매 (260325),맞춤 타겟,혈액형당이 보습제에 중요한 이유,7719,293,331,11,11,0,0,1.13,702,23320,3.323
2026-09-27,보습크림 판매 (260325),맞춤 타겟,혈액형당이 보습제에 중요한 이유,16700,571,711,32,27,2,215750,1.245,522,23488,4.501
2026-09-28,보습크림 판매 (260325),맞춤 타겟,혈액형당이 보습제에 중요한 이유,7832,253,281,25,20,1,3000,1.111,313,27872,8.897
2026-09-29,보습크림 판매 (260325),맞춤 타겟,혈액형당이 보습제에 중요한 이유,0,0,0,0,0,0,0,0.0,0,0,0
2026-10-01,보습크림 판매 (260325),맞춤 타겟,혈액형당이 보습제에 중요한 이유,0,0,0,0,0,0,0,0.0,0,0,0
2026-10-02,보습크림 판매 (260325),맞춤 타겟,혈액형당이 보습제에 중요한 이유,0,0,0,0,0,1,92000,0.0,0,0,0
2026-09-07,W 에센스 크림,맞춤 타겟_스마트스토어,나이 들어 보여서 미치겠어요 Ver.1,227,1,1,0,0,0,0,1.0,0,227000,0.0
2026-09-07,W 에센스 크림,맞춤 타겟_스마트스토어,나이 들어 보여서 미치겠어요 Ver.3,1356,23,25,1,1,0,0,1.087,1356,54240,4.0
2026-09-08,W 에센스 크림,맞춤 타겟_스마트스토어,나이 들어 보여서 미치겠어요 Ver.3,148,9,9,1,1,0,0,1.0,148,16444,11.111
2026-09-09,W 에센스 크림,맞춤 타겟_스마트스토어,나이 들어 보여서 미치겠어요 Ver.3,391,3,3,2,1,0,0,1.0,196,130333,66.667
2026-09-10,W 에센스 크림,맞춤 타겟_스마트스토어,나이 들어 보여서 미치겠어요 Ver.3,51,5,5,0,0,0,0,1.0,0,10200,0.0
2026-09-26,W 에센스 크림,맞춤 타겟_스마트스토어,나이 들어 보여서 미치겠어요 Ver.3,3,1,1,0,0,0,0,1.0,0,3000,0.0
2026-09-07,W 에센스 크림,맞춤 타겟_스마트스토어,나이 들어 보여서 미치겠어요 Ver.5,218,4,5,1,1,0,0,1.25,218,43600,20.0
2026-09-08,W 에센스 크림,맞춤 타겟_스마트스토어,나이 들어 보여서 미치겠어요 Ver.5,56,2,2,0,0,0,0,1.0,0,28000,0.0
2026-09-11,스누큐어 트러블 키트_260801,맞춤 타겟_스마트스토어,여드름 피부의 피부장벽,38,3,3,0,0,0,0,1.0,0,12667,0.0
2026-09-12,스누큐어 트러블 키트_260801,맞춤 타겟_스마트스토어,여드름 피부의 피부장벽,105,9,10,0,0,0,0,1.111,0,10500,0.0
2026-09-14,스누큐어 트러블 키트_260801,맞춤 타겟_스마트스토어,여드름 피부의 피부장벽,7,1,1,0,0,0,0,1.0,0,7000,0.0
2026-09-15,스누큐어 트러블 키트_260801,맞춤 타겟_스마트스토어,여드름 피부의 피부장벽,22,2,2,0,0,0,0,1.0,0,11000,0.0
2026-09-16,스누큐어 트러블 키트_260801,맞춤 타겟_스마트스토어,여드름 피부의 피부장벽,8,1,1,0,0,0,0,1.0,0,8000,0.0
2026-09-17,스누큐어 트러블 키트_260801,맞춤 타겟_스마트스토어,여드름 피부의 피부장벽,27,2,2,0,0,0,0,1.0,0,13500,0.0
2026-09-19,스누큐어 트러블 키트_260801,맞춤 타겟_스마트스토어,여드름 피부의 피부장벽,96,1,1,0,0,0,0,1.0,0,96000,0.0
2026-09-20,스누큐어 트러블 키트_260801,맞춤 타겟_스마트스토어,여드름 피부의 피부장벽,35,1,1,0,0,0,0,1.0,0,35000,0.0
2026-09-21,스누큐어 트러블 키트_260801,맞춤 타겟_스마트스토어,여드름 피부의 피부장벽,26,3,3,0,0,0,0,1.0,0,8667,0.0
2026-09-22,스누큐어 트러블 키트_260801,맞춤 타겟_스마트스토어,여드름 피부의 피부장벽,5,1,1,0,0,0,0,1.0,0,5000,0.0
2026-09-23,스누큐어 트러블 키트_260801,맞춤 타겟_스마트스토어,여드름 피부의 피부장벽,15,1,1,0,0,0,0,1.0,0,15000,0.0
2026-09-26,스누큐어 트러블 키트_260801,맞춤 타겟_스마트스토어,여드름 피부의 피부장벽,15,3,3,0,0,0,0,1.0,0,5000,0.0
2026-09-27,스누큐어 트러블 키트_260801,맞춤 타겟_스마트스토어,여드름 피부의 피부장벽,25,2,2,0,0,0,0,1.0,0,12500,0.0
2026-09-28,스누큐어 트러블 키트_260801,맞춤 타겟_스마트스토어,여드름 피부의 피부장벽,20,2,2,0,0,0,0,1.0,0,10000,0.0
2026-09-29,스누큐어 트러블 키트_260801,맞춤 타겟_스마트스토어,여드름 피부의 피부장벽,28,4,4,0,0,0,0,1.0,0,7000,0.0
2026-09-30,스누큐어 트러블 키트_260801,맞춤 타겟_스마트스토어,여드름 피부의 피부장벽,21,2,2,0,0,0,0,1.0,0,10500,0.0
2026-10-01,스누큐어 트러블 키트_260801,맞춤 타겟_스마트스토어,여드름 피부의 피부장벽,19,1,1,0,0,0,0,1.0,0,19000,0.0
2026-10-02,스누큐어 트러블 키트_260801,맞춤 타겟_스마트스토어,여드름 피부의 피부장벽,9,1,1,0,0,0,0,1.0,0,9000,0.0
2026-09-14,W 에센스 크림,맞춤 타겟_스마트스토어,제품 Ver.1,38,1,1,0,0,0,0,1.0,0,38000,0.0
2026-09-18,추석맞이 할인행사_260918,맞춤타겟,할인 게시물,12759,363,594,20,17,1,11000,1.636,638,21480,3.367
2026-09-19,추석맞이 할인행사_260918,맞춤타겟,할인 게시물,25142,674,1320,39,32,1,71900,1.958,645,19047,2.955
2026-09-20,추석맞이 할인행사_260918,맞춤타겟,할인 게시물,14595,552,908,17,14,1,68400,1.645,859,16074,1.872
2026-09-21,추석맞이 할인행사_260918,맞춤타겟,할인 게시물,13300,498,908,29,23,2,183000,1.823,459,14648,3.194
2026-09-22,추석맞이 할인행사_260918,맞춤타겟,할인 게시물,27991,867,1640,38,31,2,113000,1.892,737,17068,2.317
2026-09-23,추석맞이 할인행사_260918,맞춤타겟,할인 게시물,27883,937,1684,35,29,4,362050,1.797,797,16558,2.078
2026-09-24,추석맞이 할인행사_260918,맞춤타겟,할인 게시물,28355,843,1867,40,30,2,387450,2.215,709,15187,2.142
2026-09-25,추석맞이 할인행사_260918,맞춤타겟,할인 게시물,30439,992,2126,33,28,2,132250,2.143,922,14317,1.552
2026-09-26,추석맞이 할인행사_260918,맞춤타겟,할인 게시물,27309,1031,1855,28,25,2,153600,1.799,975,14722,1.509
2026-09-27,추석맞이 할인행사_260918,맞춤타겟,할인 게시물,26993,956,1941,29,23,8,452810,2.03,931,13907,1.494
2026-09-28,추석맞이 할인행사_260918,맞춤타겟,할인 게시물,0,0,0,0,0,0,0,0.0,0,0,0
2026-09-29,추석맞이 할인행사_260918,맞춤타겟,할인 게시물,0,0,0,0,0,1,34000,0.0,0,0,0
2026-09-30,추석맞이 할인행사_260918,맞춤타겟,할인 게시물,0,0,0,0,0,0,0,0.0,0,0,0
2026-10-01,추석맞이 할인행사_260918,맞춤타겟,할인 게시물,0,0,0,0,0,0,0,0.0,0,0,0
2026-10-02,추석맞이 할인행사_260918,맞춤타겟,할인 게시물,0,0,0,0,0,0,0,0.0,0,0,0
2026-09-22,스누큐어 리커버리 토너,맞춤타겟 - 스마트스토어,chuing_cho0님,3,1,1,0,0,0,0,1.0,0,3000,0.0
2026-09-24,스누큐어 리커버리 토너,맞춤타겟 - 스마트스토어,chuing_cho0님,58,1,1,0,0,0,0,1.0,0,58000,0.0
2026-09-25,스누큐어 리커버리 토너,맞춤타겟 - 스마트스토어,chuing_cho0님,7,1,2,0,0,0,0,2.0,0,3500,0.0
2026-09-22,스누큐어 리커버리 토너,맞춤타겟 - 스마트스토어,k.bu2ty_testlog님,65,1,1,0,0,0,0,1.0,0,65000,0.0
2026-09-23,스누큐어 리커버리 토너,맞춤타겟 - 스마트스토어,k.bu2ty_testlog님,12,1,1,0,0,0,0,1.0,0,12000,0.0
2026-09-24,스누큐어 리커버리 토너,맞춤타겟 - 스마트스토어,ps_log님,12,1,1,0,0,0,0,1.0,0,12000,0.0
2026-09-08,스누아토_260821,스누아토_샴푸바스_논타겟,샴푸&바스_cotton___25님,6,1,1,0,0,0,0,1.0,0,6000,0.0
2026-09-10,스누아토_260821,스누아토_샴푸바스_논타겟,샴푸&바스_cotton___25님,34,1,1,0,0,0,0,1.0,0,34000,0.0
2026-09-11,스누아토_260821,스누아토_샴푸바스_논타겟,샴푸&바스_cotton___25님,250,15,15,0,0,0,0,1.0,0,16667,0.0
2026-09-13,스누아토_260821,스누아토_샴푸바스_논타겟,샴푸&바스_cotton___25님,78,5,5,0,0,0,0,1.0,0,15600,0.0
2026-09-16,스누아토_260821,스누아토_샴푸바스_논타겟,샴푸&바스_cotton___25님,246,5,5,0,0,0,0,1.0,0,49200,0.0
2026-09-18,스누아토_260821,스누아토_샴푸바스_논타겟,샴푸&바스_cotton___25님,593,9,9,1,1,0,0,1.0,593,65889,11.111
2026-09-19,스누아토_260821,스누아토_샴푸바스_논타겟,샴푸&바스_cotton___25님,0,0,0,0,0,0,0,0.0,0,0,0
2026-09-25,스누아토_260821,스누아토_샴푸바스_논타겟,샴푸&바스_cotton___25님,3,1,1,0,0,0,0,1.0,0,3000,0.0
2026-09-28,스누아토_260821,스누아토_샴푸바스_논타겟,샴푸&바스_cotton___25님,3,1,1,0,0,0,0,1.0,0,3000,0.0
2026-09-12,스누아토_260821,스누아토_샴푸바스_논타겟,샴푸&바스_dahye__kim님,90,3,3,0,0,0,0,1.0,0,30000,0.0
2026-09-13,스누아토_260821,스누아토_샴푸바스_논타겟,샴푸&바스_dahye__kim님,28,4,4,0,0,0,0,1.0,0,7000,0.0
2026-09-16,스누아토_260821,스누아토_샴푸바스_논타겟,샴푸&바스_dahye__kim님,413,5,6,0,0,0,0,1.2,0,68833,0.0
2026-09-21,스누아토_260821,스누아토_샴푸바스_논타겟,샴푸&바스_dahye__kim님,83,3,4,0,0,0,0,1.333,0,20750,0.0
2026-10-05,스누아토_260821,스누아토_샴푸바스_논타겟,샴푸&바스_dahye__kim님,49,5,5,1,1,0,0,1.0,49,9800,20.0
2026-09-07,스누아토_260821,스누아토_샴푸바스_논타겟,샴푸&바스_eeeeun_jj님,10,1,1,0,0,0,0,1.0,0,10000,0.0
2026-09-09,스누아토_260821,스누아토_샴푸바스_논타겟,샴푸&바스_eeeeun_jj님,4,1,1,0,0,0,0,1.0,0,4000,0.0
2026-09-11,스누아토_260821,스누아토_샴푸바스_논타겟,샴푸&바스_eeeeun_jj님,57,1,1,0,0,0,0,1.0,0,57000,0.0
2026-09-12,스누아토_260821,스누아토_샴푸바스_논타겟,샴푸&바스_eeeeun_jj님,23,1,1,0,0,0,0,1.0,0,23000,0.0
2026-09-14,스누아토_260821,스누아토_샴푸바스_논타겟,샴푸&바스_eeeeun_jj님,194,2,2,0,0,0,0,1.0,0,97000,0.0
2026-09-16,스누아토_260821,스누아토_샴푸바스_논타겟,샴푸&바스_eeeeun_jj님,39,1,1,0,0,0,0,1.0,0,39000,0.0
2026-09-19,스누아토_260821,스누아토_샴푸바스_논타겟,샴푸&바스_eeeeun_jj님,31,2,2,0,0,0,0,1.0,0,15500,0.0
2026-09-21,스누아토_260821,스누아토_샴푸바스_논타겟,샴푸&바스_eeeeun_jj님,3,1,1,0,0,0,0,1.0,0,3000,0.0
2026-10-02,스누아토_260821,스누아토_샴푸바스_논타겟,샴푸&바스_eeeeun_jj님,5,1,1,0,0,0,0,1.0,0,5000,0.0
2026-09-12,스누아토_260821,스누아토_샴푸바스_논타겟,샴푸&바스_immiyeoni님,5,1,1,0,0,0,0,1.0,0,5000,0.0
2026-09-14,스누아토_260821,스누아토_샴푸바스_논타겟,샴푸&바스_immiyeoni님,35,2,2,0,0,0,0,1.0,0,17500,0.0
2026-09-16,스누아토_260821,스누아토_샴푸바스_논타겟,샴푸&바스_immiyeoni님,46,1,1,0,0,0,0,1.0,0,46000,0.0
2026-09-17,스누아토_260821,스누아토_샴푸바스_논타겟,샴푸&바스_immiyeoni님,120,3,3,0,0,0,0,1.0,0,40000,0.0
2026-09-19,스누아토_260821,스누아토_샴푸바스_논타겟,샴푸&바스_immiyeoni님,85,4,4,0,0,0,0,1.0,0,21250,0.0
2026-09-07,스누아토_260821,스누아토_샴푸바스_논타겟,샴푸&바스_kijun._jerin님,3628,134,161,3,2,1,29400,1.201,1209,22534,1.863
2026-09-08,스누아토_260821,스누아토_샴푸바스_논타겟,샴푸&바스_kijun._jerin님,1844,88,95,3,1,0,0,1.08,615,19411,3.158
2026-09-09,스누아토_260821,스누아토_샴푸바스_논타겟,샴푸&바스_kijun._jerin님,1241,48,52,2,2,0,0,1.083,620,23865,3.846
2026-09-10,스누아토_260821,스누아토_샴푸바스_논타겟,샴푸&바스_kijun._jerin님,870,53,62,0,0,0,0,1.17,0,14032,0.0
2026-09-11,스누아토_260821,스누아토_샴푸바스_논타겟,샴푸&바스_kijun._jerin님,2711,163,198,0,0,0,0,1.215,0,13692,0.0
2026-09-12,스누아토_260821,스누아토_샴푸바스_논타겟,샴푸&바스_kijun._jerin님,1907,81,93,3,1,0,0,1.148,636,20505,3.226
2026-09-13,스누아토_260821,스누아토_샴푸바스_논타겟,샴푸&바스_kijun._jerin님,1989,111,128,0,0,0,0,1.153,0,15539,0.0
2026-09-14,스누아토_260821,스누아토_샴푸바스_논타겟,샴푸&바스_kijun._jerin님,1050,55,56,1,0,0,0,1.018,1050,18750,1.786
2026-09-15,스누아토_260821,스누아토_샴푸바스_논타겟,샴푸&바스_kijun._jerin님,1700,80,92,1,0,0,0,1.15,1700,18478,1.087
2026-09-16,스누아토_260821,스누아토_샴푸바스_논타겟,샴푸&바스_kijun._jerin님,1262,68,74,2,2,0,0,1.088,631,17054,2.703
2026-09-17,스누아토_260821,스누아토_샴푸바스_논타겟,샴푸&바스_kijun._jerin님,988,42,54,1,0,0,0,1.286,988,18296,1.852
2026-09-18,스누아토_260821,스누아토_샴푸바스_논타겟,샴푸&바스_kijun._jerin님,1163,34,38,0,0,0,0,1.118,0,30605,0.0
2026-09-19,스누아토_260821,스누아토_샴푸바스_논타겟,샴푸&바스_kijun._jerin님,363,15,17,0,0,0,0,1.133,0,21353,0.0
2026-09-20,스누아토_260821,스누아토_샴푸바스_논타겟,샴푸&바스_kijun._jerin님,525,30,32,0,0,0,0,1.067,0,16406,0.0
2026-09-21,스누아토_260821,스누아토_샴푸바스_논타겟,샴푸&바스_kijun._jerin님,89,7,7,0,0,0,0,1.0,0,12714,0.0
2026-09-22,스누아토_260821,스누아토_샴푸바스_논타겟,샴푸&바스_kijun._jerin님,218,8,8,0,0,0,0,1.0,0,27250,0.0
2026-09-25,스누아토_260821,스누아토_샴푸바스_논타겟,샴푸&바스_kijun._jerin님,4,1,1,0,0,0,0,1.0,0,4000,0.0
2026-10-05,스누아토_260821,스누아토_샴푸바스_논타겟,샴푸&바스_kijun._jerin님,74,2,2,0,0,0,0,1.0,0,37000,0.0
2026-09-07,스누아토_260821,스누아토_샴푸바스_논타겟,샴푸&바스_moong__e__님,307,7,7,0,0,0,0,1.0,0,43857,0.0
2026-09-10,스누아토_260821,스누아토_샴푸바스_논타겟,샴푸&바스_moong__e__님,75,2,3,0,0,0,0,1.5,0,25000,0.0
2026-09-12,스누아토_260821,스누아토_샴푸바스_논타겟,샴푸&바스_moong__e__님,32,4,4,0,0,0,0,1.0,0,8000,0.0
2026-09-14,스누아토_260821,스누아토_샴푸바스_논타겟,샴푸&바스_moong__e__님,10,1,1,0,0,0,0,1.0,0,10000,0.0
2026-09-15,스누아토_260821,스누아토_샴푸바스_논타겟,샴푸&바스_moong__e__님,203,11,12,0,0,0,0,1.091,0,16917,0.0
2026-09-17,스누아토_260821,스누아토_샴푸바스_논타겟,샴푸&바스_moong__e__님,536,16,19,0,0,0,0,1.188,0,28211,0.0
2026-09-20,스누아토_260821,스누아토_샴푸바스_논타겟,샴푸&바스_moong__e__님,160,4,5,0,0,0,0,1.25,0,32000,0.0
2026-09-07,스누아토_260821,스누아토_샴푸바스_논타겟,샴푸&바스_soo_bin_2025님,56,2,3,0,0,0,0,1.5,0,18667,0.0
2026-09-08,스누아토_260821,스누아토_샴푸바스_논타겟,샴푸&바스_soo_bin_2025님,90,8,8,0,0,0,0,1.0,0,11250,0.0
2026-09-09,스누아토_260821,스누아토_샴푸바스_논타겟,샴푸&바스_soo_bin_2025님,5,1,1,0,0,0,0,1.0,0,5000,0.0
2026-09-11,스누아토_260821,스누아토_샴푸바스_논타겟,샴푸&바스_soo_bin_2025님,35,2,2,0,0,0,0,1.0,0,17500,0.0
2026-09-12,스누아토_260821,스누아토_샴푸바스_논타겟,샴푸&바스_soo_bin_2025님,9,2,2,0,0,0,0,1.0,0,4500,0.0
2026-09-13,스누아토_260821,스누아토_샴푸바스_논타겟,샴푸&바스_soo_bin_2025님,33,6,6,0,0,0,0,1.0,0,5500,0.0
2026-09-14,스누아토_260821,스누아토_샴푸바스_논타겟,샴푸&바스_soo_bin_2025님,14,4,4,0,0,0,0,1.0,0,3500,0.0
2026-09-16,스누아토_260821,스누아토_샴푸바스_논타겟,샴푸&바스_soo_bin_2025님,306,9,10,0,0,0,0,1.111,0,30600,0.0
2026-09-18,스누아토_260821,스누아토_샴푸바스_논타겟,샴푸&바스_soo_bin_2025님,7,2,2,0,0,0,0,1.0,0,3500,0.0
2026-09-21,스누아토_260821,스누아토_샴푸바스_논타겟,샴푸&바스_soo_bin_2025님,174,7,7,0,0,0,0,1.0,0,24857,0.0
2026-10-05,스누아토_260821,스누아토_샴푸바스_논타겟,샴푸&바스_soo_bin_2025님,20,4,4,0,0,0,0,1.0,0,5000,0.0
2026-09-07,스누아토_260821,스누아토_샴푸바스_맞춤타겟,샴푸&바스_cotton___25님,29,2,2,0,0,0,0,1.0,0,14500,0.0
2026-09-08,스누아토_260821,스누아토_샴푸바스_맞춤타겟,샴푸&바스_cotton___25님,34,3,3,0,0,0,0,1.0,0,11333,0.0
2026-09-09,스누아토_260821,스누아토_샴푸바스_맞춤타겟,샴푸&바스_cotton___25님,107,7,7,0,0,0,0,1.0,0,15286,0.0
2026-09-11,스누아토_260821,스누아토_샴푸바스_맞춤타겟,샴푸&바스_cotton___25님,119,6,6,0,0,0,0,1.0,0,19833,0.0
2026-09-12,스누아토_260821,스누아토_샴푸바스_맞춤타겟,샴푸&바스_cotton___25님,35,3,4,0,0,0,0,1.333,0,8750,0.0
2026-09-13,스누아토_260821,스누아토_샴푸바스_맞춤타겟,샴푸&바스_cotton___25님,43,4,4,0,0,0,0,1.0,0,10750,0.0
2026-09-14,스누아토_260821,스누아토_샴푸바스_맞춤타겟,샴푸&바스_cotton___25님,386,10,12,0,0,0,0,1.2,0,32167,0.0
2026-09-16,스누아토_260821,스누아토_샴푸바스_맞춤타겟,샴푸&바스_cotton___25님,418,11,12,2,1,0,0,1.091,209,34833,16.667
2026-09-18,스누아토_260821,스누아토_샴푸바스_맞춤타겟,샴푸&바스_cotton___25님,61,4,4,0,0,0,0,1.0,0,15250,0.0
2026-09-21,스누아토_260821,스누아토_샴푸바스_맞춤타겟,샴푸&바스_cotton___25님,136,4,4,0,0,0,0,1.0,0,34000,0.0
2026-09-22,스누아토_260821,스누아토_샴푸바스_맞춤타겟,샴푸&바스_cotton___25님,211,3,3,0,0,0,0,1.0,0,70333,0.0
2026-09-23,스누아토_260821,스누아토_샴푸바스_맞춤타겟,샴푸&바스_cotton___25님,108,5,5,0,0,0,0,1.0,0,21600,0.0
2026-09-24,스누아토_260821,스누아토_샴푸바스_맞춤타겟,샴푸&바스_cotton___25님,419,27,28,0,0,0,0,1.037,0,14964,0.0
2026-09-25,스누아토_260821,스누아토_샴푸바스_맞춤타겟,샴푸&바스_cotton___25님,10,2,2,0,0,0,0,1.0,0,5000,0.0
2026-09-26,스누아토_260821,스누아토_샴푸바스_맞춤타겟,샴푸&바스_cotton___25님,843,34,36,0,0,0,0,1.059,0,23417,0.0
2026-09-27,스누아토_260821,스누아토_샴푸바스_맞춤타겟,샴푸&바스_cotton___25님,593,17,19,0,0,0,0,1.118,0,31211,0.0
2026-09-28,스누아토_260821,스누아토_샴푸바스_맞춤타겟,샴푸&바스_cotton___25님,306,14,14,1,1,0,0,1.0,306,21857,7.143
2026-09-29,스누아토_260821,스누아토_샴푸바스_맞춤타겟,샴푸&바스_cotton___25님,134,7,7,0,0,0,0,1.0,0,19143,0.0
2026-09-30,스누아토_260821,스누아토_샴푸바스_맞춤타겟,샴푸&바스_cotton___25님,368,15,17,0,0,0,0,1.133,0,21647,0.0
2026-10-01,스누아토_260821,스누아토_샴푸바스_맞춤타겟,샴푸&바스_cotton___25님,770,29,33,0,0,0,0,1.138,0,23333,0.0
2026-10-02,스누아토_260821,스누아토_샴푸바스_맞춤타겟,샴푸&바스_cotton___25님,854,31,36,1,0,0,0,1.161,854,23722,2.778
2026-10-03,스누아토_260821,스누아토_샴푸바스_맞춤타겟,샴푸&바스_cotton___25님,8,1,1,0,0,0,0,1.0,0,8000,0.0
2026-10-04,스누아토_260821,스누아토_샴푸바스_맞춤타겟,샴푸&바스_cotton___25님,6,1,1,0,0,0,0,1.0,0,6000,0.0
2026-09-07,스누아토_260821,스누아토_샴푸바스_맞춤타겟,샴푸&바스_dahye__kim님,21,2,2,0,0,0,0,1.0,0,10500,0.0
2026-09-09,스누아토_260821,스누아토_샴푸바스_맞춤타겟,샴푸&바스_dahye__kim님,132,5,6,0,0,0,0,1.2,0,22000,0.0
2026-09-12,스누아토_260821,스누아토_샴푸바스_맞춤타겟,샴푸&바스_dahye__kim님,5,1,1,0,0,0,0,1.0,0,5000,0.0
2026-09-14,스누아토_260821,스누아토_샴푸바스_맞춤타겟,샴푸&바스_dahye__kim님,79,3,3,0,0,0,0,1.0,0,26333,0.0
2026-09-16,스누아토_260821,스누아토_샴푸바스_맞춤타겟,샴푸&바스_dahye__kim님,226,3,6,0,0,0,0,2.0,0,37667,0.0
2026-09-17,스누아토_260821,스누아토_샴푸바스_맞춤타겟,샴푸&바스_dahye__kim님,594,17,21,0,0,0,0,1.235,0,28286,0.0
2026-09-19,스누아토_260821,스누아토_샴푸바스_맞춤타겟,샴푸&바스_dahye__kim님,1247,22,24,1,0,0,0,1.091,1247,51958,4.167
2026-09-21,스누아토_260821,스누아토_샴푸바스_맞춤타겟,샴푸&바스_dahye__kim님,3711,72,100,2,2,0,0,1.389,1856,37110,2.0
2026-09-22,스누아토_260821,스누아토_샴푸바스_맞춤타겟,샴푸&바스_dahye__kim님,4050,121,142,3,3,1,50750,1.174,1350,28521,2.113
2026-09-23,스누아토_260821,스누아토_샴푸바스_맞춤타겟,샴푸&바스_dahye__kim님,454,29,30,0,0,0,0,1.034,0,15133,0.0
2026-09-24,스누아토_260821,스누아토_샴푸바스_맞춤타겟,샴푸&바스_dahye__kim님,980,31,34,1,1,0,0,1.097,980,28824,2.941
2026-09-25,스누아토_260821,스누아토_샴푸바스_맞춤타겟,샴푸&바스_dahye__kim님,869,36,40,0,0,0,0,1.111,0,21725,0.0
2026-09-26,스누아토_260821,스누아토_샴푸바스_맞춤타겟,샴푸&바스_dahye__kim님,1465,52,58,0,0,0,0,1.115,0,25259,0.0
2026-09-27,스누아토_260821,스누아토_샴푸바스_맞춤타겟,샴푸&바스_dahye__kim님,3959,102,128,2,2,0,0,1.255,1980,30930,1.562
2026-09-28,스누아토_260821,스누아토_샴푸바스_맞춤타겟,샴푸&바스_dahye__kim님,2122,82,94,1,1,0,0,1.146,2122,22574,1.064
2026-09-29,스누아토_260821,스누아토_샴푸바스_맞춤타겟,샴푸&바스_dahye__kim님,1200,38,47,0,0,0,0,1.237,0,25532,0.0
2026-09-30,스누아토_260821,스누아토_샴푸바스_맞춤타겟,샴푸&바스_dahye__kim님,1344,47,52,0,0,0,0,1.106,0,25846,0.0
2026-10-01,스누아토_260821,스누아토_샴푸바스_맞춤타겟,샴푸&바스_dahye__kim님,548,5,6,0,0,0,0,1.2,0,91333,0.0
2026-10-02,스누아토_260821,스누아토_샴푸바스_맞춤타겟,샴푸&바스_dahye__kim님,2547,69,89,2,1,0,0,1.29,1274,28618,2.247
2026-10-03,스누아토_260821,스누아토_샴푸바스_맞춤타겟,샴푸&바스_dahye__kim님,46,4,4,0,0,0,0,1.0,0,11500,0.0
2026-10-04,스누아토_260821,스누아토_샴푸바스_맞춤타겟,샴푸&바스_dahye__kim님,86,2,2,0,0,0,0,1.0,0,43000,0.0
2026-10-05,스누아토_260821,스누아토_샴푸바스_맞춤타겟,샴푸&바스_dahye__kim님,625,36,38,0,0,0,0,1.056,0,16447,0.0
2026-09-07,스누아토_260821,스누아토_샴푸바스_맞춤타겟,샴푸&바스_eeeeun_jj님,863,34,37,0,0,0,0,1.088,0,23324,0.0
2026-09-08,스누아토_260821,스누아토_샴푸바스_맞춤타겟,샴푸&바스_eeeeun_jj님,56,4,5,0,0,0,0,1.25,0,11200,0.0
2026-09-09,스누아토_260821,스누아토_샴푸바스_맞춤타겟,샴푸&바스_eeeeun_jj님,893,30,35,1,1,0,0,1.167,893,25514,2.857
2026-09-10,스누아토_260821,스누아토_샴푸바스_맞춤타겟,샴푸&바스_eeeeun_jj님,730,33,39,0,0,0,0,1.182,0,18718,0.0
2026-09-11,스누아토_260821,스누아토_샴푸바스_맞춤타겟,샴푸&바스_eeeeun_jj님,155,10,11,2,2,0,0,1.1,78,14091,18.182
2026-09-12,스누아토_260821,스누아토_샴푸바스_맞춤타겟,샴푸&바스_eeeeun_jj님,880,39,47,2,1,0,0,1.205,440,18723,4.255
2026-09-13,스누아토_260821,스누아토_샴푸바스_맞춤타겟,샴푸&바스_eeeeun_jj님,1281,49,57,0,0,0,0,1.163,0,22474,0.0
2026-09-14,스누아토_260821,스누아토_샴푸바스_맞춤타겟,샴푸&바스_eeeeun_jj님,2553,80,92,1,1,0,0,1.15,2553,27750,1.087
2026-09-15,스누아토_260821,스누아토_샴푸바스_맞춤타겟,샴푸&바스_eeeeun_jj님,369,18,18,2,3,0,0,1.0,184,20500,11.111
2026-09-16,스누아토_260821,스누아토_샴푸바스_맞춤타겟,샴푸&바스_eeeeun_jj님,335,9,12,0,0,0,0,1.333,0,27917,0.0
2026-09-17,스누아토_260821,스누아토_샴푸바스_맞춤타겟,샴푸&바스_eeeeun_jj님,837,25,31,0,0,0,0,1.24,0,27000,0.0
2026-09-19,스누아토_260821,스누아토_샴푸바스_맞춤타겟,샴푸&바스_eeeeun_jj님,1790,47,57,2,2,0,0,1.213,895,31404,3.509
2026-09-20,스누아토_260821,스누아토_샴푸바스_맞춤타겟,샴푸&바스_eeeeun_jj님,957,26,29,0,0,0,0,1.115,0,33000,0.0
2026-09-21,스누아토_260821,스누아토_샴푸바스_맞춤타겟,샴푸&바스_eeeeun_jj님,2936,99,109,0,0,0,0,1.101,0,26936,0.0
2026-09-22,스누아토_260821,스누아토_샴푸바스_맞춤타겟,샴푸&바스_eeeeun_jj님,666,37,40,0,0,0,0,1.081,0,16650,0.0
2026-09-23,스누아토_260821,스누아토_샴푸바스_맞춤타겟,샴푸&바스_eeeeun_jj님,498,15,16,0,0,0,0,1.067,0,31125,0.0
2026-09-24,스누아토_260821,스누아토_샴푸바스_맞춤타겟,샴푸&바스_eeeeun_jj님,2875,102,107,0,0,0,0,1.049,0,26869,0.0
2026-09-25,스누아토_260821,스누아토_샴푸바스_맞춤타겟,샴푸&바스_eeeeun_jj님,1306,67,75,1,1,0,0,1.119,1306,17413,1.333
2026-09-26,스누아토_260821,스누아토_샴푸바스_맞춤타겟,샴푸&바스_eeeeun_jj님,1009,51,54,1,1,0,0,1.059,1009,18685,1.852
2026-09-27,스누아토_260821,스누아토_샴푸바스_맞춤타겟,샴푸&바스_eeeeun_jj님,1770,57,66,2,2,0,0,1.158,885,26818,3.03
2026-09-28,스누아토_260821,스누아토_샴푸바스_맞춤타겟,샴푸&바스_eeeeun_jj님,1041,40,45,0,0,0,0,1.125,0,23133,0.0
2026-09-29,스누아토_260821,스누아토_샴푸바스_맞춤타겟,샴푸&바스_eeeeun_jj님,1252,60,70,0,0,0,0,1.167,0,17886,0.0
2026-09-30,스누아토_260821,스누아토_샴푸바스_맞춤타겟,샴푸&바스_eeeeun_jj님,134,7,7,0,0,0,0,1.0,0,19143,0.0
2026-10-01,스누아토_260821,스누아토_샴푸바스_맞춤타겟,샴푸&바스_eeeeun_jj님,328,9,12,1,0,0,0,1.333,328,27333,8.333
2026-10-02,스누아토_260821,스누아토_샴푸바스_맞춤타겟,샴푸&바스_eeeeun_jj님,481,17,19,1,1,1,59200,1.118,481,25316,5.263
2026-10-03,스누아토_260821,스누아토_샴푸바스_맞춤타겟,샴푸&바스_eeeeun_jj님,58,4,4,0,0,0,0,1.0,0,14500,0.0
2026-10-05,스누아토_260821,스누아토_샴푸바스_맞춤타겟,샴푸&바스_eeeeun_jj님,160,10,10,0,0,0,0,1.0,0,16000,0.0
2026-09-07,스누아토_260821,스누아토_샴푸바스_맞춤타겟,샴푸&바스_immiyeoni님,0,0,0,0,0,0,0,0.0,0,0,0
2026-09-08,스누아토_260821,스누아토_샴푸바스_맞춤타겟,샴푸&바스_immiyeoni님,71,5,5,1,0,0,0,1.0,71,14200,20.0
2026-09-10,스누아토_260821,스누아토_샴푸바스_맞춤타겟,샴푸&바스_immiyeoni님,8,1,1,0,0,0,0,1.0,0,8000,0.0
2026-09-11,스누아토_260821,스누아토_샴푸바스_맞춤타겟,샴푸&바스_immiyeoni님,130,6,7,0,0,0,0,1.167,0,18571,0.0
2026-09-13,스누아토_260821,스누아토_샴푸바스_맞춤타겟,샴푸&바스_immiyeoni님,122,12,13,0,0,0,0,1.083,0,9385,0.0
2026-09-16,스누아토_260821,스누아토_샴푸바스_맞춤타겟,샴푸&바스_immiyeoni님,623,11,11,1,1,0,0,1.0,623,56636,9.091
2026-09-18,스누아토_260821,스누아토_샴푸바스_맞춤타겟,샴푸&바스_immiyeoni님,352,10,11,0,0,0,0,1.1,0,32000,0.0
2026-09-19,스누아토_260821,스누아토_샴푸바스_맞춤타겟,샴푸&바스_immiyeoni님,2,1,1,0,0,0,0,1.0,0,2000,0.0
2026-09-20,스누아토_260821,스누아토_샴푸바스_맞춤타겟,샴푸&바스_immiyeoni님,521,7,9,0,0,0,0,1.286,0,57889,0.0
2026-09-23,스누아토_260821,스누아토_샴푸바스_맞춤타겟,샴푸&바스_immiyeoni님,13,1,1,0,0,0,0,1.0,0,13000,0.0
2026-09-25,스누아토_260821,스누아토_샴푸바스_맞춤타겟,샴푸&바스_immiyeoni님,38,3,3,0,0,0,0,1.0,0,12667,0.0
2026-09-26,스누아토_260821,스누아토_샴푸바스_맞춤타겟,샴푸&바스_immiyeoni님,5,1,1,0,0,0,0,1.0,0,5000,0.0
2026-09-28,스누아토_260821,스누아토_샴푸바스_맞춤타겟,샴푸&바스_immiyeoni님,406,14,15,0,0,0,0,1.071,0,27067,0.0
2026-09-30,스누아토_260821,스누아토_샴푸바스_맞춤타겟,샴푸&바스_immiyeoni님,35,2,2,0,0,0,0,1.0,0,17500,0.0
2026-10-01,스누아토_260821,스누아토_샴푸바스_맞춤타겟,샴푸&바스_immiyeoni님,11,1,1,0,0,0,0,1.0,0,11000,0.0
2026-10-04,스누아토_260821,스누아토_샴푸바스_맞춤타겟,샴푸&바스_immiyeoni님,35,1,1,0,0,0,0,1.0,0,35000,0.0
2026-10-05,스누아토_260821,스누아토_샴푸바스_맞춤타겟,샴푸&바스_immiyeoni님,25,2,2,0,0,0,0,1.0,0,12500,0.0
2026-09-07,스누아토_260821,스누아토_샴푸바스_맞춤타겟,샴푸&바스_kijun._jerin님,23040,773,1086,34,22,8,365200,1.405,678,21215,3.131
2026-09-08,스누아토_260821,스누아토_샴푸바스_맞춤타겟,샴푸&바스_kijun._jerin님,13861,575,868,26,10,1,36000,1.51,533,15969,2.995
2026-09-09,스누아토_260821,스누아토_샴푸바스_맞춤타겟,샴푸&바스_kijun._jerin님,13018,481,673,23,18,0,0,1.399,566,19343,3.418
2026-09-10,스누아토_260821,스누아토_샴푸바스_맞춤타겟,샴푸&바스_kijun._jerin님,8463,398,525,11,6,1,48000,1.319,769,16120,2.095
2026-09-11,스누아토_260821,스누아토_샴푸바스_맞춤타겟,샴푸&바스_kijun._jerin님,8298,445,567,10,8,1,61000,1.274,830,14635,1.764
2026-09-12,스누아토_260821,스누아토_샴푸바스_맞춤타겟,샴푸&바스_kijun._jerin님,13484,615,782,11,9,1,36000,1.272,1226,17243,1.407
2026-09-13,스누아토_260821,스누아토_샴푸바스_맞춤타겟,샴푸&바스_kijun._jerin님,15136,741,933,15,12,1,55100,1.259,1009,16223,1.608
2026-09-14,스누아토_260821,스누아토_샴푸바스_맞춤타겟,샴푸&바스_kijun._jerin님,14781,650,844,12,8,1,109050,1.298,1232,17513,1.422
2026-09-15,스누아토_260821,스누아토_샴푸바스_맞춤타겟,샴푸&바스_kijun._jerin님,13810,597,812,7,3,1,48200,1.36,1973,17007,0.862
2026-09-16,스누아토_260821,스누아토_샴푸바스_맞춤타겟,샴푸&바스_kijun._jerin님,14727,563,748,8,8,0,0,1.329,1841,19689,1.07
2026-09-17,스누아토_260821,스누아토_샴푸바스_맞춤타겟,샴푸&바스_kijun._jerin님,15266,527,694,12,8,3,315340,1.317,1272,21997,1.729
2026-09-18,스누아토_260821,스누아토_샴푸바스_맞춤타겟,샴푸&바스_kijun._jerin님,16309,567,841,10,7,1,36750,1.483,1631,19392,1.189
2026-09-19,스누아토_260821,스누아토_샴푸바스_맞춤타겟,샴푸&바스_kijun._jerin님,9388,300,385,5,3,1,27750,1.283,1878,24384,1.299
2026-09-20,스누아토_260821,스누아토_샴푸바스_맞춤타겟,샴푸&바스_kijun._jerin님,19799,664,929,19,13,0,0,1.399,1042,21312,2.045
2026-09-21,스누아토_260821,스누아토_샴푸바스_맞춤타겟,샴푸&바스_kijun._jerin님,7372,309,416,11,7,2,122090,1.346,670,17721,2.644
2026-09-22,스누아토_260821,스누아토_샴푸바스_맞춤타겟,샴푸&바스_kijun._jerin님,9211,408,512,9,4,0,0,1.255,1023,17990,1.758
2026-09-23,스누아토_260821,스누아토_샴푸바스_맞춤타겟,샴푸&바스_kijun._jerin님,14951,615,790,10,8,0,0,1.285,1495,18925,1.266
2026-09-24,스누아토_260821,스누아토_샴푸바스_맞춤타겟,샴푸&바스_kijun._jerin님,13186,591,767,13,8,1,165520,1.298,1014,17192,1.695
2026-09-25,스누아토_260821,스누아토_샴푸바스_맞춤타겟,샴푸&바스_kijun._jerin님,17790,764,1038,10,4,0,0,1.359,1779,17139,0.963
2026-09-26,스누아토_260821,스누아토_샴푸바스_맞춤타겟,샴푸&바스_kijun._jerin님,8678,460,573,7,5,0,0,1.246,1240,15145,1.222
2026-09-27,스누아토_260821,스누아토_샴푸바스_맞춤타겟,샴푸&바스_kijun._jerin님,14421,555,733,13,11,0,0,1.321,1109,19674,1.774
2026-09-28,스누아토_260821,스누아토_샴푸바스_맞춤타겟,샴푸&바스_kijun._jerin님,14292,665,945,3,2,0,0,1.421,4764,15124,0.317
2026-09-29,스누아토_260821,스누아토_샴푸바스_맞춤타겟,샴푸&바스_kijun._jerin님,13395,591,843,9,7,0,0,1.426,1488,15890,1.068
2026-09-30,스누아토_260821,스누아토_샴푸바스_맞춤타겟,샴푸&바스_kijun._jerin님,9989,464,634,7,3,0,0,1.366,1427,15756,1.104
2026-10-01,스누아토_260821,스누아토_샴푸바스_맞춤타겟,샴푸&바스_kijun._jerin님,12856,550,803,13,10,4,225000,1.46,989,16010,1.619
2026-10-02,스누아토_260821,스누아토_샴푸바스_맞춤타겟,샴푸&바스_kijun._jerin님,10339,413,545,10,5,1,26700,1.32,1034,18971,1.835
2026-10-03,스누아토_260821,스누아토_샴푸바스_맞춤타겟,샴푸&바스_kijun._jerin님,803,48,55,7,5,1,114600,1.146,115,14600,12.727
2026-10-04,스누아토_260821,스누아토_샴푸바스_맞춤타겟,샴푸&바스_kijun._jerin님,592,47,55,3,2,0,0,1.17,197,10764,5.455
2026-10-05,스누아토_260821,스누아토_샴푸바스_맞춤타겟,샴푸&바스_kijun._jerin님,4313,503,561,2,2,0,0,1.115,2156,7688,0.357
2026-09-07,스누아토_260821,스누아토_샴푸바스_맞춤타겟,샴푸&바스_moong__e__님,129,10,10,0,0,1,29400,1.0,0,12900,0.0
2026-09-09,스누아토_260821,스누아토_샴푸바스_맞춤타겟,샴푸&바스_moong__e__님,202,7,8,2,1,0,0,1.143,101,25250,25.0
2026-09-10,스누아토_260821,스누아토_샴푸바스_맞춤타겟,샴푸&바스_moong__e__님,0,0,0,0,0,1,26100,0.0,0,0,0
2026-09-11,스누아토_260821,스누아토_샴푸바스_맞춤타겟,샴푸&바스_moong__e__님,30,2,2,0,0,0,0,1.0,0,15000,0.0
2026-09-12,스누아토_260821,스누아토_샴푸바스_맞춤타겟,샴푸&바스_moong__e__님,167,7,8,0,0,0,0,1.143,0,20875,0.0
2026-09-14,스누아토_260821,스누아토_샴푸바스_맞춤타겟,샴푸&바스_moong__e__님,230,10,11,0,0,0,0,1.1,0,20909,0.0
2026-09-16,스누아토_260821,스누아토_샴푸바스_맞춤타겟,샴푸&바스_moong__e__님,10,1,2,1,0,0,0,2.0,10,5000,50.0
2026-09-17,스누아토_260821,스누아토_샴푸바스_맞춤타겟,샴푸&바스_moong__e__님,1341,54,62,0,0,0,0,1.148,0,21629,0.0
2026-09-19,스누아토_260821,스누아토_샴푸바스_맞춤타겟,샴푸&바스_moong__e__님,2408,38,47,1,1,0,0,1.237,2408,51234,2.128
2026-09-20,스누아토_260821,스누아토_샴푸바스_맞춤타겟,샴푸&바스_moong__e__님,112,3,3,1,1,0,0,1.0,112,37333,33.333
2026-09-21,스누아토_260821,스누아토_샴푸바스_맞춤타겟,샴푸&바스_moong__e__님,2888,80,92,3,1,0,0,1.15,963,31391,3.261
2026-09-22,스누아토_260821,스누아토_샴푸바스_맞춤타겟,샴푸&바스_moong__e__님,3208,93,114,1,1,0,0,1.226,3208,28140,0.877
2026-09-23,스누아토_260821,스누아토_샴푸바스_맞춤타겟,샴푸&바스_moong__e__님,1735,61,65,1,1,0,0,1.066,1735,26692,1.538
2026-09-24,스누아토_260821,스누아토_샴푸바스_맞춤타겟,샴푸&바스_moong__e__님,482,33,33,0,0,0,0,1.0,0,14606,0.0
2026-09-25,스누아토_260821,스누아토_샴푸바스_맞춤타겟,샴푸&바스_moong__e__님,75,5,5,0,0,0,0,1.0,0,15000,0.0
2026-09-26,스누아토_260821,스누아토_샴푸바스_맞춤타겟,샴푸&바스_moong__e__님,1723,42,48,1,1,0,0,1.143,1723,35896,2.083
2026-09-27,스누아토_260821,스누아토_샴푸바스_맞춤타겟,샴푸&바스_moong__e__님,1946,68,80,1,0,0,0,1.176,1946,24325,1.25
2026-09-28,스누아토_260821,스누아토_샴푸바스_맞춤타겟,샴푸&바스_moong__e__님,1539,54,61,2,1,0,0,1.13,770,25230,3.279
2026-09-29,스누아토_260821,스누아토_샴푸바스_맞춤타겟,샴푸&바스_moong__e__님,1746,75,87,3,2,0,0,1.16,582,20069,3.448
2026-09-30,스누아토_260821,스누아토_샴푸바스_맞춤타겟,샴푸&바스_moong__e__님,1976,76,90,2,1,0,0,1.184,988,21956,2.222
2026-10-01,스누아토_260821,스누아토_샴푸바스_맞춤타겟,샴푸&바스_moong__e__님,1494,68,73,1,1,0,0,1.074,1494,20466,1.37
2026-10-02,스누아토_260821,스누아토_샴푸바스_맞춤타겟,샴푸&바스_moong__e__님,2006,84,93,1,1,0,0,1.107,2006,21570,1.075
2026-10-03,스누아토_260821,스누아토_샴푸바스_맞춤타겟,샴푸&바스_moong__e__님,60,4,4,0,0,0,0,1.0,0,15000,0.0
2026-10-04,스누아토_260821,스누아토_샴푸바스_맞춤타겟,샴푸&바스_moong__e__님,37,6,6,1,1,0,0,1.0,37,6167,16.667
2026-10-05,스누아토_260821,스누아토_샴푸바스_맞춤타겟,샴푸&바스_moong__e__님,280,25,25,0,0,0,0,1.0,0,11200,0.0
2026-09-07,스누아토_260821,스누아토_샴푸바스_맞춤타겟,샴푸&바스_soo_bin_2025님,2061,94,114,5,1,1,29400,1.213,412,18079,4.386
2026-09-08,스누아토_260821,스누아토_샴푸바스_맞춤타겟,샴푸&바스_soo_bin_2025님,1827,76,91,1,0,0,0,1.197,1827,20077,1.099
2026-09-09,스누아토_260821,스누아토_샴푸바스_맞춤타겟,샴푸&바스_soo_bin_2025님,1965,63,86,0,0,0,0,1.365,0,22849,0.0
2026-09-10,스누아토_260821,스누아토_샴푸바스_맞춤타겟,샴푸&바스_soo_bin_2025님,2072,91,116,1,1,0,0,1.275,2072,17862,0.862
2026-09-11,스누아토_260821,스누아토_샴푸바스_맞춤타겟,샴푸&바스_soo_bin_2025님,2154,104,126,0,0,0,0,1.212,0,17095,0.0
2026-09-12,스누아토_260821,스누아토_샴푸바스_맞춤타겟,샴푸&바스_soo_bin_2025님,750,47,59,2,1,0,0,1.255,375,12712,3.39
2026-09-13,스누아토_260821,스누아토_샴푸바스_맞춤타겟,샴푸&바스_soo_bin_2025님,4443,132,160,3,2,0,0,1.212,1481,27769,1.875
2026-09-14,스누아토_260821,스누아토_샴푸바스_맞춤타겟,샴푸&바스_soo_bin_2025님,2852,120,134,3,2,0,0,1.117,951,21284,2.239
2026-09-15,스누아토_260821,스누아토_샴푸바스_맞춤타겟,샴푸&바스_soo_bin_2025님,3617,136,169,4,4,0,0,1.243,904,21402,2.367
2026-09-16,스누아토_260821,스누아토_샴푸바스_맞춤타겟,샴푸&바스_soo_bin_2025님,1663,55,58,1,1,0,0,1.055,1663,28672,1.724
2026-09-17,스누아토_260821,스누아토_샴푸바스_맞춤타겟,샴푸&바스_soo_bin_2025님,353,20,22,0,0,1,26750,1.1,0,16045,0.0
2026-09-18,스누아토_260821,스누아토_샴푸바스_맞춤타겟,샴푸&바스_soo_bin_2025님,448,19,21,1,1,0,0,1.105,448,21333,4.762
2026-09-21,스누아토_260821,스누아토_샴푸바스_맞춤타겟,샴푸&바스_soo_bin_2025님,3306,124,142,0,0,0,0,1.145,0,23282,0.0
2026-09-22,스누아토_260821,스누아토_샴푸바스_맞춤타겟,샴푸&바스_soo_bin_2025님,4097,113,137,0,0,0,0,1.212,0,29905,0.0
2026-09-23,스누아토_260821,스누아토_샴푸바스_맞춤타겟,샴푸&바스_soo_bin_2025님,1470,68,77,3,2,0,0,1.132,490,19091,3.896
2026-09-24,스누아토_260821,스누아토_샴푸바스_맞춤타겟,샴푸&바스_soo_bin_2025님,1659,45,46,0,0,0,0,1.022,0,36065,0.0
2026-09-25,스누아토_260821,스누아토_샴푸바스_맞춤타겟,샴푸&바스_soo_bin_2025님,828,44,49,0,0,0,0,1.114,0,16898,0.0
2026-09-26,스누아토_260821,스누아토_샴푸바스_맞춤타겟,샴푸&바스_soo_bin_2025님,2044,67,70,0,0,0,0,1.045,0,29200,0.0
2026-09-27,스누아토_260821,스누아토_샴푸바스_맞춤타겟,샴푸&바스_soo_bin_2025님,2338,83,106,2,2,0,0,1.277,1169,22057,1.887
2026-09-28,스누아토_260821,스누아토_샴푸바스_맞춤타겟,샴푸&바스_soo_bin_2025님,2838,137,159,2,1,0,0,1.161,1419,17849,1.258
2026-09-29,스누아토_260821,스누아토_샴푸바스_맞춤타겟,샴푸&바스_soo_bin_2025님,4187,163,199,2,2,0,0,1.221,2094,21040,1.005
2026-09-30,스누아토_260821,스누아토_샴푸바스_맞춤타겟,샴푸&바스_soo_bin_2025님,4866,142,164,3,1,0,0,1.155,1622,29671,1.829
2026-10-01,스누아토_260821,스누아토_샴푸바스_맞춤타겟,샴푸&바스_soo_bin_2025님,2766,107,137,4,2,0,0,1.28,692,20190,2.92
2026-10-02,스누아토_260821,스누아토_샴푸바스_맞춤타겟,샴푸&바스_soo_bin_2025님,2300,79,94,3,2,0,0,1.19,767,24468,3.191
2026-10-03,스누아토_260821,스누아토_샴푸바스_맞춤타겟,샴푸&바스_soo_bin_2025님,104,13,13,0,0,0,0,1.0,0,8000,0.0
2026-10-04,스누아토_260821,스누아토_샴푸바스_맞춤타겟,샴푸&바스_soo_bin_2025님,4,1,1,0,0,0,0,1.0,0,4000,0.0
2026-10-05,스누아토_260821,스누아토_샴푸바스_맞춤타겟,샴푸&바스_soo_bin_2025님,867,63,71,2,2,0,0,1.127,434,12211,2.817
2026-10-02,스누아토_260821,스누아토_스누씰_맞춤타겟,다노언니_건성피부_1002,4338,139,153,10,10,0,0,1.101,434,28353,6.536
2026-10-03,스누아토_260821,스누아토_스누씰_맞춤타겟,다노언니_건성피부_1002,12282,424,485,37,26,5,191600,1.144,332,25324,7.629
2026-10-04,스누아토_260821,스누아토_스누씰_맞춤타겟,다노언니_건성피부_1002,39423,975,1382,124,91,15,796240,1.417,318,28526,8.973
2026-10-05,스누아토_260821,스누아토_스누씰_맞춤타겟,다노언니_건성피부_1002,22798,628,773,53,41,1,24000,1.231,430,29493,6.856
2026-09-22,스누큐어 리커버리 토너,스누큐어_논타겟,chuing_cho0님,431,23,25,0,0,0,0,1.087,0,17240,0.0
2026-09-23,스누큐어 리커버리 토너,스누큐어_논타겟,chuing_cho0님,965,63,68,3,3,0,0,1.079,322,14191,4.412
2026-09-24,스누큐어 리커버리 토너,스누큐어_논타겟,chuing_cho0님,2304,101,118,3,3,0,0,1.168,768,19525,2.542
2026-09-25,스누큐어 리커버리 토너,스누큐어_논타겟,chuing_cho0님,170,13,14,0,0,0,0,1.077,0,12143,0.0
2026-09-26,스누큐어 리커버리 토너,스누큐어_논타겟,chuing_cho0님,42,4,4,0,0,0,0,1.0,0,10500,0.0
2026-10-02,스누큐어 리커버리 토너,스누큐어_논타겟,chuing_cho0님,16,1,1,0,0,0,0,1.0,0,16000,0.0
2026-10-03,스누큐어 리커버리 토너,스누큐어_논타겟,chuing_cho0님,13,2,2,0,0,0,0,1.0,0,6500,0.0
2026-10-04,스누큐어 리커버리 토너,스누큐어_논타겟,chuing_cho0님,2,1,1,0,0,0,0,1.0,0,2000,0.0
2026-09-22,스누큐어 리커버리 토너,스누큐어_논타겟,k.bu2ty_testlog님,969,56,65,3,2,0,0,1.161,323,14908,4.615
2026-09-23,스누큐어 리커버리 토너,스누큐어_논타겟,k.bu2ty_testlog님,3482,137,170,3,3,0,0,1.241,1161,20482,1.765
2026-09-24,스누큐어 리커버리 토너,스누큐어_논타겟,k.bu2ty_testlog님,3298,170,238,11,10,0,0,1.4,300,13857,4.622
2026-09-25,스누큐어 리커버리 토너,스누큐어_논타겟,k.bu2ty_testlog님,3846,209,314,7,7,0,0,1.502,549,12248,2.229
2026-09-26,스누큐어 리커버리 토너,스누큐어_논타겟,k.bu2ty_testlog님,2360,138,183,2,1,0,0,1.326,1180,12896,1.093
2026-09-27,스누큐어 리커버리 토너,스누큐어_논타겟,k.bu2ty_testlog님,898,51,61,0,0,2,267000,1.196,0,14721,0.0
2026-09-28,스누큐어 리커버리 토너,스누큐어_논타겟,k.bu2ty_testlog님,856,47,57,2,2,0,0,1.213,428,15018,3.509
2026-09-29,스누큐어 리커버리 토너,스누큐어_논타겟,k.bu2ty_testlog님,175,12,12,0,0,0,0,1.0,0,14583,0.0
2026-09-30,스누큐어 리커버리 토너,스누큐어_논타겟,k.bu2ty_testlog님,190,8,9,0,0,0,0,1.125,0,21111,0.0
2026-10-01,스누큐어 리커버리 토너,스누큐어_논타겟,k.bu2ty_testlog님,335,9,9,1,1,0,0,1.0,335,37222,11.111
2026-10-02,스누큐어 리커버리 토너,스누큐어_논타겟,k.bu2ty_testlog님,363,12,13,0,0,0,0,1.083,0,27923,0.0
2026-10-03,스누큐어 리커버리 토너,스누큐어_논타겟,k.bu2ty_testlog님,71,5,5,0,0,0,0,1.0,0,14200,0.0
2026-09-22,스누큐어 리커버리 토너,스누큐어_논타겟,k__illea님,52,5,5,0,0,0,0,1.0,0,10400,0.0
2026-09-23,스누큐어 리커버리 토너,스누큐어_논타겟,k__illea님,39,4,4,0,0,0,0,1.0,0,9750,0.0
2026-09-24,스누큐어 리커버리 토너,스누큐어_논타겟,k__illea님,0,1,1,0,0,0,0,1.0,0,0,0.0
2026-09-28,스누큐어 리커버리 토너,스누큐어_논타겟,k__illea님,31,3,3,0,0,0,0,1.0,0,10333,0.0
2026-09-29,스누큐어 리커버리 토너,스누큐어_논타겟,k__illea님,5,1,1,0,0,0,0,1.0,0,5000,0.0
2026-10-02,스누큐어 리커버리 토너,스누큐어_논타겟,k__illea님,6,1,1,0,0,0,0,1.0,0,6000,0.0
2026-09-22,스누큐어 리커버리 토너,스누큐어_논타겟,mood_viewty님,1005,73,80,1,0,0,0,1.096,1005,12562,1.25
2026-09-23,스누큐어 리커버리 토너,스누큐어_논타겟,mood_viewty님,1130,45,55,0,0,0,0,1.222,0,20545,0.0
2026-09-24,스누큐어 리커버리 토너,스누큐어_논타겟,mood_viewty님,288,18,22,0,0,0,0,1.222,0,13091,0.0
2026-09-28,스누큐어 리커버리 토너,스누큐어_논타겟,mood_viewty님,318,23,28,0,0,0,0,1.217,0,11357,0.0
2026-09-30,스누큐어 리커버리 토너,스누큐어_논타겟,mood_viewty님,23,1,1,0,0,0,0,1.0,0,23000,0.0
2026-10-01,스누큐어 리커버리 토너,스누큐어_논타겟,mood_viewty님,79,7,7,0,0,0,0,1.0,0,11286,0.0
2026-10-03,스누큐어 리커버리 토너,스누큐어_논타겟,mood_viewty님,23,7,7,0,0,0,0,1.0,0,3286,0.0
2026-09-22,스누큐어 리커버리 토너,스누큐어_논타겟,ps_log님,122,9,9,0,0,0,0,1.0,0,13556,0.0
2026-09-23,스누큐어 리커버리 토너,스누큐어_논타겟,ps_log님,205,11,11,0,0,0,0,1.0,0,18636,0.0
2026-09-24,스누큐어 리커버리 토너,스누큐어_논타겟,ps_log님,129,10,11,0,0,0,0,1.1,0,11727,0.0
2026-09-25,스누큐어 리커버리 토너,스누큐어_논타겟,ps_log님,59,3,3,0,0,0,0,1.0,0,19667,0.0
2026-09-29,스누큐어 리커버리 토너,스누큐어_논타겟,ps_log님,58,2,2,0,0,0,0,1.0,0,29000,0.0
2026-09-30,스누큐어 리커버리 토너,스누큐어_논타겟,ps_log님,3,1,1,0,0,0,0,1.0,0,3000,0.0
2026-10-03,스누큐어 리커버리 토너,스누큐어_논타겟,ps_log님,5,1,1,0,0,0,0,1.0,0,5000,0.0
2026-09-22,스누큐어 리커버리 토너,스누큐어_맞춤타겟,chuing_cho0님,395,23,23,2,1,0,0,1.0,198,17174,8.696
2026-09-23,스누큐어 리커버리 토너,스누큐어_맞춤타겟,chuing_cho0님,1574,56,63,2,2,0,0,1.125,787,24984,3.175
2026-09-24,스누큐어 리커버리 토너,스누큐어_맞춤타겟,chuing_cho0님,3839,179,227,4,3,0,0,1.268,960,16912,1.762
2026-09-25,스누큐어 리커버리 토너,스누큐어_맞춤타겟,chuing_cho0님,721,40,50,1,1,0,0,1.25,721,14420,2.0
2026-09-26,스누큐어 리커버리 토너,스누큐어_맞춤타겟,chuing_cho0님,2244,126,171,4,4,1,36750,1.357,561,13123,2.339
2026-09-27,스누큐어 리커버리 토너,스누큐어_맞춤타겟,chuing_cho0님,2624,144,186,7,5,0,0,1.292,375,14108,3.763
2026-09-28,스누큐어 리커버리 토너,스누큐어_맞춤타겟,chuing_cho0님,5202,273,386,7,7,0,0,1.414,743,13477,1.813
2026-09-29,스누큐어 리커버리 토너,스누큐어_맞춤타겟,chuing_cho0님,14893,556,916,23,19,0,0,1.647,648,16259,2.511
2026-09-30,스누큐어 리커버리 토너,스누큐어_맞춤타겟,chuing_cho0님,11160,495,766,13,8,1,34000,1.547,858,14569,1.697
2026-10-01,스누큐어 리커버리 토너,스누큐어_맞춤타겟,chuing_cho0님,13784,627,982,19,13,2,81400,1.566,725,14037,1.935
2026-10-02,스누큐어 리커버리 토너,스누큐어_맞춤타겟,chuing_cho0님,11810,479,656,13,11,2,83800,1.37,908,18003,1.982
2026-10-03,스누큐어 리커버리 토너,스누큐어_맞춤타겟,chuing_cho0님,7322,341,450,12,7,2,82800,1.32,610,16271,2.667
2026-10-04,스누큐어 리커버리 토너,스누큐어_맞춤타겟,chuing_cho0님,20348,843,1209,51,31,10,413100,1.434,399,16830,4.218
2026-10-05,스누큐어 리커버리 토너,스누큐어_맞춤타겟,chuing_cho0님,8823,481,610,21,14,1,27400,1.268,420,14464,3.443
2026-09-22,스누큐어 리커버리 토너,스누큐어_맞춤타겟,k.bu2ty_testlog님,800,42,44,0,0,0,0,1.048,0,18182,0.0
2026-09-23,스누큐어 리커버리 토너,스누큐어_맞춤타겟,k.bu2ty_testlog님,7870,255,361,10,7,0,0,1.416,787,21801,2.77
2026-09-24,스누큐어 리커버리 토너,스누큐어_맞춤타겟,k.bu2ty_testlog님,5275,267,342,10,9,0,0,1.281,528,15424,2.924
2026-09-25,스누큐어 리커버리 토너,스누큐어_맞춤타겟,k.bu2ty_testlog님,13387,511,780,9,8,0,0,1.526,1487,17163,1.154
2026-09-26,스누큐어 리커버리 토너,스누큐어_맞춤타겟,k.bu2ty_testlog님,7715,378,494,8,6,0,0,1.307,964,15617,1.619
2026-09-27,스누큐어 리커버리 토너,스누큐어_맞춤타겟,k.bu2ty_testlog님,3539,170,218,1,1,1,57750,1.282,3539,16234,0.459
2026-09-28,스누큐어 리커버리 토너,스누큐어_맞춤타겟,k.bu2ty_testlog님,3985,168,214,7,4,0,0,1.274,569,18621,3.271
2026-09-29,스누큐어 리커버리 토너,스누큐어_맞춤타겟,k.bu2ty_testlog님,1628,82,107,2,2,0,0,1.305,814,15215,1.869
2026-09-30,스누큐어 리커버리 토너,스누큐어_맞춤타겟,k.bu2ty_testlog님,1367,66,79,3,2,0,0,1.197,456,17304,3.797
2026-10-01,스누큐어 리커버리 토너,스누큐어_맞춤타겟,k.bu2ty_testlog님,740,25,28,0,0,0,0,1.12,0,26429,0.0
2026-10-02,스누큐어 리커버리 토너,스누큐어_맞춤타겟,k.bu2ty_testlog님,2025,89,118,4,3,0,0,1.326,506,17161,3.39
2026-10-03,스누큐어 리커버리 토너,스누큐어_맞춤타겟,k.bu2ty_testlog님,2774,119,156,6,4,1,59200,1.311,462,17782,3.846
2026-10-04,스누큐어 리커버리 토너,스누큐어_맞춤타겟,k.bu2ty_testlog님,3000,161,200,4,3,0,0,1.242,750,15000,2.0
2026-10-05,스누큐어 리커버리 토너,스누큐어_맞춤타겟,k.bu2ty_testlog님,2687,145,165,6,6,0,0,1.138,448,16285,3.636
2026-09-22,스누큐어 리커버리 토너,스누큐어_맞춤타겟,k__illea님,26,2,2,0,0,0,0,1.0,0,13000,0.0
2026-09-23,스누큐어 리커버리 토너,스누큐어_맞춤타겟,k__illea님,953,23,26,0,0,0,0,1.13,0,36654,0.0
2026-09-24,스누큐어 리커버리 토너,스누큐어_맞춤타겟,k__illea님,534,23,25,1,1,1,26750,1.087,534,21360,4.0
2026-09-25,스누큐어 리커버리 토너,스누큐어_맞춤타겟,k__illea님,491,18,21,0,0,0,0,1.167,0,23381,0.0
2026-09-26,스누큐어 리커버리 토너,스누큐어_맞춤타겟,k__illea님,1788,72,102,3,3,0,0,1.417,596,17529,2.941
2026-09-27,스누큐어 리커버리 토너,스누큐어_맞춤타겟,k__illea님,1158,46,58,1,1,0,0,1.261,1158,19966,1.724
2026-09-28,스누큐어 리커버리 토너,스누큐어_맞춤타겟,k__illea님,1938,93,132,1,1,0,0,1.419,1938,14682,0.758
2026-09-29,스누큐어 리커버리 토너,스누큐어_맞춤타겟,k__illea님,529,26,32,0,0,0,0,1.231,0,16531,0.0
2026-09-30,스누큐어 리커버리 토너,스누큐어_맞춤타겟,k__illea님,82,6,8,0,0,0,0,1.333,0,10250,0.0
2026-10-01,스누큐어 리커버리 토너,스누큐어_맞춤타겟,k__illea님,127,6,7,0,0,0,0,1.167,0,18143,0.0
2026-10-02,스누큐어 리커버리 토너,스누큐어_맞춤타겟,k__illea님,9,1,1,0,0,0,0,1.0,0,9000,0.0
2026-10-03,스누큐어 리커버리 토너,스누큐어_맞춤타겟,k__illea님,135,7,8,0,0,0,0,1.143,0,16875,0.0
2026-10-04,스누큐어 리커버리 토너,스누큐어_맞춤타겟,k__illea님,1003,49,63,4,3,0,0,1.286,251,15921,6.349
2026-10-05,스누큐어 리커버리 토너,스누큐어_맞춤타겟,k__illea님,1003,54,66,0,0,0,0,1.222,0,15197,0.0
2026-09-22,스누큐어 리커버리 토너,스누큐어_맞춤타겟,mood_viewty님,1737,95,118,0,0,0,0,1.242,0,14720,0.0
2026-09-23,스누큐어 리커버리 토너,스누큐어_맞춤타겟,mood_viewty님,1321,74,87,2,1,0,0,1.176,660,15184,2.299
2026-09-24,스누큐어 리커버리 토너,스누큐어_맞춤타겟,mood_viewty님,1083,58,79,0,0,0,0,1.362,0,13709,0.0
2026-09-26,스누큐어 리커버리 토너,스누큐어_맞춤타겟,mood_viewty님,40,4,5,0,0,0,0,1.25,0,8000,0.0
2026-09-27,스누큐어 리커버리 토너,스누큐어_맞춤타겟,mood_viewty님,0,0,0,0,0,0,0,0.0,0,0,0
2026-09-28,스누큐어 리커버리 토너,스누큐어_맞춤타겟,mood_viewty님,12,1,1,0,0,0,0,1.0,0,12000,0.0
2026-09-29,스누큐어 리커버리 토너,스누큐어_맞춤타겟,mood_viewty님,64,5,5,0,0,0,0,1.0,0,12800,0.0
2026-10-01,스누큐어 리커버리 토너,스누큐어_맞춤타겟,mood_viewty님,526,33,44,0,0,0,0,1.333,0,11955,0.0
2026-10-02,스누큐어 리커버리 토너,스누큐어_맞춤타겟,mood_viewty님,1514,61,80,3,3,0,0,1.311,505,18925,3.75
2026-10-03,스누큐어 리커버리 토너,스누큐어_맞춤타겟,mood_viewty님,1362,66,81,1,1,0,0,1.227,1362,16815,1.235
2026-10-04,스누큐어 리커버리 토너,스누큐어_맞춤타겟,mood_viewty님,3130,187,261,6,3,0,0,1.396,522,11992,2.299
2026-10-05,스누큐어 리커버리 토너,스누큐어_맞춤타겟,mood_viewty님,2457,154,206,2,1,0,0,1.338,1228,11927,0.971
2026-09-22,스누큐어 리커버리 토너,스누큐어_맞춤타겟,ps_log님,257,20,21,1,1,0,0,1.05,257,12238,4.762
2026-09-23,스누큐어 리커버리 토너,스누큐어_맞춤타겟,ps_log님,718,32,39,0,0,0,0,1.219,0,18410,0.0
2026-09-24,스누큐어 리커버리 토너,스누큐어_맞춤타겟,ps_log님,3570,134,223,4,2,0,0,1.664,892,16009,1.794
2026-09-25,스누큐어 리커버리 토너,스누큐어_맞춤타겟,ps_log님,2673,156,200,6,3,1,25100,1.282,446,13365,3.0
2026-09-26,스누큐어 리커버리 토너,스누큐어_맞춤타겟,ps_log님,5105,235,311,7,6,0,0,1.323,729,16415,2.251
2026-09-27,스누큐어 리커버리 토너,스누큐어_맞춤타겟,ps_log님,13668,498,904,9,6,0,0,1.815,1519,15119,0.996
2026-09-28,스누큐어 리커버리 토너,스누큐어_맞춤타겟,ps_log님,12207,495,816,12,8,0,0,1.648,1017,14960,1.471
2026-09-29,스누큐어 리커버리 토너,스누큐어_맞춤타겟,ps_log님,5243,177,293,3,2,0,0,1.655,1748,17894,1.024
2026-09-30,스누큐어 리커버리 토너,스누큐어_맞춤타겟,ps_log님,3546,158,244,6,4,0,0,1.544,591,14533,2.459
2026-10-01,스누큐어 리커버리 토너,스누큐어_맞춤타겟,ps_log님,3677,155,201,4,3,0,0,1.297,919,18294,1.99
2026-10-02,스누큐어 리커버리 토너,스누큐어_맞춤타겟,ps_log님,5164,186,274,3,3,0,0,1.473,1721,18847,1.095
2026-10-03,스누큐어 리커버리 토너,스누큐어_맞춤타겟,ps_log님,5790,219,313,6,4,3,151900,1.429,965,18498,1.917
2026-10-04,스누큐어 리커버리 토너,스누큐어_맞춤타겟,ps_log님,11267,525,808,28,20,5,99800,1.539,402,13944,3.465
2026-10-05,스누큐어 리커버리 토너,스누큐어_맞춤타겟,ps_log님,20106,1063,1499,37,29,1,3000,1.41,543,13413,2.468
2026-09-07,서포터즈 모집_260901,타겟층_18~64,서포터즈 모집 광고_ABH⁺ 스누큐어 리커버리 토너,0,0,0,0,0,1,29400,0.0,0,0,0
2026-09-08,서포터즈 모집_260901,타겟층_18~64,서포터즈 모집 광고_ABH⁺ 스누큐어 리커버리 토너,0,0,0,0,0,0,0,0.0,0,0,0
2026-09-09,서포터즈 모집_260901,타겟층_18~64,서포터즈 모집 광고_ABH⁺ 스누큐어 리커버리 토너,0,0,0,0,0,0,0,0.0,0,0,0
2026-09-10,(라이브방송)_트래픽캠페인_260915,트래픽,N쇼핑라이브,4199,1840,1943,20,18,0,0,1.056,210,2161,1.029
2026-09-11,(라이브방송)_트래픽캠페인_260915,트래픽,N쇼핑라이브,10004,3805,4353,60,46,0,0,1.144,167,2298,1.378
2026-09-12,(라이브방송)_트래픽캠페인_260915,트래픽,N쇼핑라이브,9561,3567,4245,45,35,0,0,1.19,212,2252,1.06
2026-09-13,(라이브방송)_트래픽캠페인_260915,트래픽,N쇼핑라이브,11709,4249,5152,74,58,0,0,1.213,158,2273,1.436
2026-09-14,(라이브방송)_트래픽캠페인_260915,트래픽,N쇼핑라이브,9786,3678,4287,65,54,0,0,1.166,151,2283,1.516
2026-09-15,(라이브방송)_트래픽캠페인_260915,트래픽,N쇼핑라이브,7620,2876,3189,53,43,0,0,1.109,144,2389,1.662
2026-09-07,스누큐어 트러블 키트_260801,트러블키트_논타겟,등드름,990,64,67,5,3,0,0,1.047,198,14776,7.463
2026-09-08,스누큐어 트러블 키트_260801,트러블키트_논타겟,등드름,143,12,14,0,0,0,0,1.167,0,10214,0.0
2026-09-09,스누큐어 트러블 키트_260801,트러블키트_논타겟,등드름,11,2,2,0,0,0,0,1.0,0,5500,0.0
2026-09-10,스누큐어 트러블 키트_260801,트러블키트_논타겟,등드름,3,1,1,0,0,0,0,1.0,0,3000,0.0
2026-09-11,스누큐어 트러블 키트_260801,트러블키트_논타겟,등드름,31,2,2,0,0,0,0,1.0,0,15500,0.0
2026-09-12,스누큐어 트러블 키트_260801,트러블키트_논타겟,등드름,29,4,4,0,0,0,0,1.0,0,7250,0.0
2026-09-13,스누큐어 트러블 키트_260801,트러블키트_논타겟,등드름,71,10,10,1,1,0,0,1.0,71,7100,10.0
2026-09-14,스누큐어 트러블 키트_260801,트러블키트_논타겟,등드름,46,7,7,2,0,0,0,1.0,23,6571,28.571
2026-09-15,스누큐어 트러블 키트_260801,트러블키트_논타겟,등드름,12,3,3,0,0,0,0,1.0,0,4000,0.0
2026-09-17,스누큐어 트러블 키트_260801,트러블키트_논타겟,등드름,18,3,3,0,0,0,0,1.0,0,6000,0.0
2026-09-07,스누큐어 트러블 키트_260801,트러블키트_논타겟,여드름 피부에 좋은 이유,13,1,1,0,0,0,0,1.0,0,13000,0.0
2026-09-07,스누큐어 트러블 키트_260801,트러블키트_논타겟,여드름 피부의 피부장벽,0,0,0,0,0,1,71300,0.0,0,0,0
2026-09-26,스누큐어 트러블 키트_260801,트러블키트_논타겟,여드름 피부의 피부장벽,10,3,3,0,0,0,0,1.0,0,3333,0.0
2026-09-13,스누큐어 트러블 키트_260801,트러블키트_논타겟,여드름성 피부 사용에 적합,1,1,1,0,0,0,0,1.0,0,1000,0.0
2026-09-17,스누큐어 트러블 키트_260801,트러블키트_논타겟,여드름성 피부 사용에 적합,30,1,1,0,0,0,0,1.0,0,30000,0.0
2026-09-21,스누큐어 트러블 키트_260801,트러블키트_논타겟,여드름성 피부 사용에 적합,3,1,1,0,0,0,0,1.0,0,3000,0.0
2026-09-24,스누큐어 트러블 키트_260801,트러블키트_논타겟,여드름성 피부 사용에 적합,5,1,1,0,0,0,0,1.0,0,5000,0.0
2026-09-13,스누큐어 트러블 키트_260801,트러블키트_논타겟,지성피부도 피부 건조,9,1,1,0,0,0,0,1.0,0,9000,0.0
2026-09-16,스누큐어 트러블 키트_260801,트러블키트_논타겟,지성피부도 피부 건조,7,1,1,0,0,0,0,1.0,0,7000,0.0
2026-09-14,스누큐어 트러블 키트_260801,트러블키트_논타겟,트러블이 잘 생기는 경우,5,1,1,0,0,0,0,1.0,0,5000,0.0
2026-10-02,스누큐어 트러블 키트_260801,트러블키트_맞춤 타겟,다노언니_소신발언_1002,1423,58,66,13,17,0,0,1.138,109,21561,19.697
2026-10-03,스누큐어 트러블 키트_260801,트러블키트_맞춤 타겟,다노언니_소신발언_1002,11714,473,557,56,41,16,795000,1.178,209,21031,10.054
2026-10-04,스누큐어 트러블 키트_260801,트러블키트_맞춤 타겟,다노언니_소신발언_1002,16081,866,1113,62,51,5,191600,1.285,259,14448,5.571
2026-10-05,스누큐어 트러블 키트_260801,트러블키트_맞춤 타겟,다노언니_소신발언_1002,26227,2189,2456,242,202,2,63400,1.122,108,10679,9.853
2026-09-07,스누큐어 트러블 키트_260801,트러블키트_맞춤 타겟,등드름,13,2,2,0,0,0,0,1.0,0,6500,0.0
2026-09-08,스누큐어 트러블 키트_260801,트러블키트_맞춤 타겟,등드름,96,7,7,1,0,0,0,1.0,96,13714,14.286
2026-09-10,스누큐어 트러블 키트_260801,트러블키트_맞춤 타겟,등드름,46,5,6,0,0,0,0,1.2,0,7667,0.0
2026-09-12,스누큐어 트러블 키트_260801,트러블키트_맞춤 타겟,등드름,85,10,10,0,0,0,0,1.0,0,8500,0.0
2026-09-13,스누큐어 트러블 키트_260801,트러블키트_맞춤 타겟,등드름,1636,151,164,1,1,0,0,1.086,1636,9976,0.61
2026-09-14,스누큐어 트러블 키트_260801,트러블키트_맞춤 타겟,등드름,1364,118,121,5,3,0,0,1.025,273,11273,4.132
2026-09-15,스누큐어 트러블 키트_260801,트러블키트_맞춤 타겟,등드름,56,9,9,0,0,0,0,1.0,0,6222,0.0
2026-09-17,스누큐어 트러블 키트_260801,트러블키트_맞춤 타겟,등드름,18,4,4,0,0,0,0,1.0,0,4500,0.0
2026-09-18,스누큐어 트러블 키트_260801,트러블키트_맞춤 타겟,등드름,437,34,38,1,1,0,0,1.118,437,11500,2.632
2026-09-20,스누큐어 트러블 키트_260801,트러블키트_맞춤 타겟,등드름,837,47,51,0,0,0,0,1.085,0,16412,0.0
2026-09-21,스누큐어 트러블 키트_260801,트러블키트_맞춤 타겟,등드름,769,68,72,4,4,0,0,1.059,192,10681,5.556
2026-09-22,스누큐어 트러블 키트_260801,트러블키트_맞춤 타겟,등드름,175,29,31,0,0,0,0,1.069,0,5645,0.0
2026-09-23,스누큐어 트러블 키트_260801,트러블키트_맞춤 타겟,등드름,293,33,33,0,0,0,0,1.0,0,8879,0.0
2026-09-25,스누큐어 트러블 키트_260801,트러블키트_맞춤 타겟,등드름,124,21,21,0,0,0,0,1.0,0,5905,0.0
2026-09-27,스누큐어 트러블 키트_260801,트러블키트_맞춤 타겟,등드름,19,2,2,0,0,0,0,1.0,0,9500,0.0
2026-09-28,스누큐어 트러블 키트_260801,트러블키트_맞춤 타겟,등드름,172,16,16,0,0,0,0,1.0,0,10750,0.0
2026-09-30,스누큐어 트러블 키트_260801,트러블키트_맞춤 타겟,등드름,91,9,10,0,0,0,0,1.111,0,9100,0.0
2026-10-01,스누큐어 트러블 키트_260801,트러블키트_맞춤 타겟,등드름,26,1,1,0,0,0,0,1.0,0,26000,0.0
2026-10-02,스누큐어 트러블 키트_260801,트러블키트_맞춤 타겟,등드름,68,9,10,0,0,0,0,1.111,0,6800,0.0
2026-10-03,스누큐어 트러블 키트_260801,트러블키트_맞춤 타겟,등드름,154,16,17,1,0,0,0,1.062,154,9059,5.882
2026-10-04,스누큐어 트러블 키트_260801,트러블키트_맞춤 타겟,등드름,449,37,37,3,2,1,27400,1.0,150,12135,8.108
2026-10-05,스누큐어 트러블 키트_260801,트러블키트_맞춤 타겟,등드름,513,34,36,0,0,0,0,1.059,0,14250,0.0
2026-09-07,스누큐어 트러블 키트_260801,트러블키트_맞춤 타겟,여드름 피부에 좋은 이유,23997,1100,1475,139,101,22,989000,1.341,173,16269,9.424
2026-09-08,스누큐어 트러블 키트_260801,트러블키트_맞춤 타겟,여드름 피부에 좋은 이유,17221,1258,1574,82,59,2,69000,1.251,210,10941,5.21
2026-09-09,스누큐어 트러블 키트_260801,트러블키트_맞춤 타겟,여드름 피부에 좋은 이유,12396,1209,1441,46,37,1,61440,1.192,269,8602,3.192
2026-09-10,스누큐어 트러블 키트_260801,트러블키트_맞춤 타겟,여드름 피부에 좋은 이유,10721,1044,1292,35,26,0,0,1.238,306,8298,2.709
2026-09-11,스누큐어 트러블 키트_260801,트러블키트_맞춤 타겟,여드름 피부에 좋은 이유,14562,1262,1535,35,24,0,0,1.216,416,9487,2.28
2026-09-12,스누큐어 트러블 키트_260801,트러블키트_맞춤 타겟,여드름 피부에 좋은 이유,18848,1446,1743,58,44,2,86000,1.205,325,10814,3.328
2026-09-13,스누큐어 트러블 키트_260801,트러블키트_맞춤 타겟,여드름 피부에 좋은 이유,18622,1462,1828,50,33,0,0,1.25,372,10187,2.735
2026-09-14,스누큐어 트러블 키트_260801,트러블키트_맞춤 타겟,여드름 피부에 좋은 이유,9930,847,963,23,20,4,153000,1.137,432,10312,2.388
2026-09-15,스누큐어 트러블 키트_260801,트러블키트_맞춤 타겟,여드름 피부에 좋은 이유,9105,668,776,26,18,0,0,1.162,350,11733,3.351
2026-09-16,스누큐어 트러블 키트_260801,트러블키트_맞춤 타겟,여드름 피부에 좋은 이유,5294,438,467,10,6,1,164000,1.066,529,11336,2.141
2026-09-17,스누큐어 트러블 키트_260801,트러블키트_맞춤 타겟,여드름 피부에 좋은 이유,2102,141,152,3,3,1,26750,1.078,701,13829,1.974
2026-09-18,스누큐어 트러블 키트_260801,트러블키트_맞춤 타겟,여드름 피부에 좋은 이유,539,26,26,0,0,0,0,1.0,0,20731,0.0
2026-09-19,스누큐어 트러블 키트_260801,트러블키트_맞춤 타겟,여드름 피부에 좋은 이유,572,32,36,0,0,1,26750,1.125,0,15889,0.0
2026-09-21,스누큐어 트러블 키트_260801,트러블키트_맞춤 타겟,여드름 피부에 좋은 이유,1822,133,139,5,5,0,0,1.045,364,13108,3.597
2026-09-22,스누큐어 트러블 키트_260801,트러블키트_맞춤 타겟,여드름 피부에 좋은 이유,7378,466,559,8,5,1,26100,1.2,922,13199,1.431
2026-09-23,스누큐어 트러블 키트_260801,트러블키트_맞춤 타겟,여드름 피부에 좋은 이유,4400,292,329,7,6,1,27750,1.127,629,13374,2.128
2026-09-24,스누큐어 트러블 키트_260801,트러블키트_맞춤 타겟,여드름 피부에 좋은 이유,5701,423,521,13,7,0,0,1.232,439,10942,2.495
2026-09-25,스누큐어 트러블 키트_260801,트러블키트_맞춤 타겟,여드름 피부에 좋은 이유,4489,436,483,16,10,1,18450,1.108,281,9294,3.313
2026-09-26,스누큐어 트러블 키트_260801,트러블키트_맞춤 타겟,여드름 피부에 좋은 이유,2814,215,242,8,7,0,0,1.126,352,11628,3.306
2026-09-27,스누큐어 트러블 키트_260801,트러블키트_맞춤 타겟,여드름 피부에 좋은 이유,5474,457,548,17,13,2,54500,1.199,322,9989,3.102
2026-09-28,스누큐어 트러블 키트_260801,트러블키트_맞춤 타겟,여드름 피부에 좋은 이유,6461,543,710,19,13,0,0,1.308,340,9100,2.676
2026-09-29,스누큐어 트러블 키트_260801,트러블키트_맞춤 타겟,여드름 피부에 좋은 이유,7758,632,765,22,20,0,0,1.21,353,10141,2.876
2026-09-30,스누큐어 트러블 키트_260801,트러블키트_맞춤 타겟,여드름 피부에 좋은 이유,8154,600,740,19,14,1,3000,1.233,429,11019,2.568
2026-10-01,스누큐어 트러블 키트_260801,트러블키트_맞춤 타겟,여드름 피부에 좋은 이유,9328,627,833,26,19,3,171600,1.329,359,11198,3.121
2026-10-02,스누큐어 트러블 키트_260801,트러블키트_맞춤 타겟,여드름 피부에 좋은 이유,11663,621,847,23,18,3,172000,1.364,507,13770,2.715
2026-10-03,스누큐어 트러블 키트_260801,트러블키트_맞춤 타겟,여드름 피부에 좋은 이유,3311,184,213,20,13,1,27400,1.158,166,15545,9.39
2026-10-04,스누큐어 트러블 키트_260801,트러블키트_맞춤 타겟,여드름 피부에 좋은 이유,9368,616,770,73,52,11,376500,1.25,128,12166,9.481
2026-10-05,스누큐어 트러블 키트_260801,트러블키트_맞춤 타겟,여드름 피부에 좋은 이유,6782,488,566,46,33,1,36000,1.16,147,11982,8.127
2026-09-07,스누큐어 트러블 키트_260801,트러블키트_맞춤 타겟,여드름 피부의 피부장벽,4125,195,220,14,11,4,201400,1.128,295,18750,6.364
2026-09-08,스누큐어 트러블 키트_260801,트러블키트_맞춤 타겟,여드름 피부의 피부장벽,1756,90,103,8,6,0,0,1.144,220,17049,7.767
2026-09-09,스누큐어 트러블 키트_260801,트러블키트_맞춤 타겟,여드름 피부의 피부장벽,651,45,48,4,2,0,0,1.067,163,13562,8.333
2026-09-10,스누큐어 트러블 키트_260801,트러블키트_맞춤 타겟,여드름 피부의 피부장벽,312,37,40,1,0,0,0,1.081,312,7800,2.5
2026-09-11,스누큐어 트러블 키트_260801,트러블키트_맞춤 타겟,여드름 피부의 피부장벽,7,1,1,0,0,0,0,1.0,0,7000,0.0
2026-09-12,스누큐어 트러블 키트_260801,트러블키트_맞춤 타겟,여드름 피부의 피부장벽,50,5,5,0,0,0,0,1.0,0,10000,0.0
2026-09-13,스누큐어 트러블 키트_260801,트러블키트_맞춤 타겟,여드름 피부의 피부장벽,194,18,18,0,0,0,0,1.0,0,10778,0.0
2026-09-14,스누큐어 트러블 키트_260801,트러블키트_맞춤 타겟,여드름 피부의 피부장벽,11489,734,917,28,22,3,108000,1.249,410,12529,3.053
2026-09-15,스누큐어 트러블 키트_260801,트러블키트_맞춤 타겟,여드름 피부의 피부장벽,10828,714,874,19,17,1,48000,1.224,570,12389,2.174
2026-09-16,스누큐어 트러블 키트_260801,트러블키트_맞춤 타겟,여드름 피부의 피부장벽,13924,870,1055,24,18,1,33000,1.213,580,13198,2.275
2026-09-17,스누큐어 트러블 키트_260801,트러블키트_맞춤 타겟,여드름 피부의 피부장벽,18740,1221,1537,57,44,1,26750,1.259,329,12193,3.709
2026-09-18,스누큐어 트러블 키트_260801,트러블키트_맞춤 타겟,여드름 피부의 피부장벽,17629,1162,1385,40,36,0,0,1.192,441,12729,2.888
2026-09-19,스누큐어 트러블 키트_260801,트러블키트_맞춤 타겟,여드름 피부의 피부장벽,15165,866,1091,51,39,2,38100,1.26,297,13900,4.675
2026-09-20,스누큐어 트러블 키트_260801,트러블키트_맞춤 타겟,여드름 피부의 피부장벽,23210,1608,1901,65,57,2,52200,1.182,357,12209,3.419
2026-09-21,스누큐어 트러블 키트_260801,트러블키트_맞춤 타겟,여드름 피부의 피부장벽,16476,1168,1392,42,39,0,0,1.192,392,11836,3.017
2026-09-22,스누큐어 트러블 키트_260801,트러블키트_맞춤 타겟,여드름 피부의 피부장벽,12953,964,1106,28,19,3,104350,1.147,463,11712,2.532
2026-09-23,스누큐어 트러블 키트_260801,트러블키트_맞춤 타겟,여드름 피부의 피부장벽,16180,1095,1271,46,39,0,0,1.161,352,12730,3.619
2026-09-24,스누큐어 트러블 키트_260801,트러블키트_맞춤 타겟,여드름 피부의 피부장벽,11933,907,1107,44,35,1,26750,1.221,271,10780,3.975
2026-09-25,스누큐어 트러블 키트_260801,트러블키트_맞춤 타겟,여드름 피부의 피부장벽,15195,1284,1446,35,33,1,31500,1.126,434,10508,2.42
2026-09-26,스누큐어 트러블 키트_260801,트러블키트_맞춤 타겟,여드름 피부의 피부장벽,12370,1121,1268,53,41,3,140750,1.131,233,9756,4.18
2026-09-27,스누큐어 트러블 키트_260801,트러블키트_맞춤 타겟,여드름 피부의 피부장벽,20902,1803,2117,59,46,0,0,1.174,354,9873,2.787
2026-09-28,스누큐어 트러블 키트_260801,트러블키트_맞춤 타겟,여드름 피부의 피부장벽,13383,937,1236,36,25,1,36000,1.319,372,10828,2.913
2026-09-29,스누큐어 트러블 키트_260801,트러블키트_맞춤 타겟,여드름 피부의 피부장벽,9822,634,781,25,20,2,158270,1.232,393,12576,3.201
2026-09-30,스누큐어 트러블 키트_260801,트러블키트_맞춤 타겟,여드름 피부의 피부장벽,8503,531,637,20,13,1,33000,1.2,425,13349,3.14
2026-10-01,스누큐어 트러블 키트_260801,트러블키트_맞춤 타겟,여드름 피부의 피부장벽,8543,500,612,16,12,3,155500,1.224,534,13959,2.614
2026-10-02,스누큐어 트러블 키트_260801,트러블키트_맞춤 타겟,여드름 피부의 피부장벽,4953,338,380,9,7,1,49900,1.124,550,13034,2.368
2026-10-03,스누큐어 트러블 키트_260801,트러블키트_맞춤 타겟,여드름 피부의 피부장벽,1640,122,139,13,12,4,176200,1.139,126,11799,9.353
2026-10-04,스누큐어 트러블 키트_260801,트러블키트_맞춤 타겟,여드름 피부의 피부장벽,8042,479,614,44,38,5,229400,1.282,183,13098,7.166
2026-10-05,스누큐어 트러블 키트_260801,트러블키트_맞춤 타겟,여드름 피부의 피부장벽,3955,363,437,25,19,1,32000,1.204,158,9050,5.721
2026-09-07,스누큐어 트러블 키트_260801,트러블키트_맞춤 타겟,여드름성 피부 사용에 적합,91,6,6,0,0,0,0,1.0,0,15167,0.0
2026-09-12,스누큐어 트러블 키트_260801,트러블키트_맞춤 타겟,여드름성 피부 사용에 적합,12,3,3,0,0,0,0,1.0,0,4000,0.0
2026-09-14,스누큐어 트러블 키트_260801,트러블키트_맞춤 타겟,여드름성 피부 사용에 적합,43,2,2,1,1,0,0,1.0,43,21500,50.0
2026-09-15,스누큐어 트러블 키트_260801,트러블키트_맞춤 타겟,여드름성 피부 사용에 적합,31,2,2,1,0,0,0,1.0,31,15500,50.0
2026-09-16,스누큐어 트러블 키트_260801,트러블키트_맞춤 타겟,여드름성 피부 사용에 적합,0,0,0,0,0,0,0,0.0,0,0,0
2026-09-19,스누큐어 트러블 키트_260801,트러블키트_맞춤 타겟,여드름성 피부 사용에 적합,64,5,6,0,0,0,0,1.2,0,10667,0.0
2026-09-20,스누큐어 트러블 키트_260801,트러블키트_맞춤 타겟,여드름성 피부 사용에 적합,23,1,1,0,0,0,0,1.0,0,23000,0.0
2026-09-21,스누큐어 트러블 키트_260801,트러블키트_맞춤 타겟,여드름성 피부 사용에 적합,105,10,11,0,0,0,0,1.1,0,9545,0.0
2026-09-22,스누큐어 트러블 키트_260801,트러블키트_맞춤 타겟,여드름성 피부 사용에 적합,38,7,7,0,0,0,0,1.0,0,5429,0.0
2026-09-24,스누큐어 트러블 키트_260801,트러블키트_맞춤 타겟,여드름성 피부 사용에 적합,33,4,4,0,0,0,0,1.0,0,8250,0.0
2026-09-25,스누큐어 트러블 키트_260801,트러블키트_맞춤 타겟,여드름성 피부 사용에 적합,9,1,1,0,0,0,0,1.0,0,9000,0.0
2026-09-26,스누큐어 트러블 키트_260801,트러블키트_맞춤 타겟,여드름성 피부 사용에 적합,208,15,15,0,0,0,0,1.0,0,13867,0.0
2026-09-27,스누큐어 트러블 키트_260801,트러블키트_맞춤 타겟,여드름성 피부 사용에 적합,129,10,10,0,0,0,0,1.0,0,12900,0.0
2026-09-29,스누큐어 트러블 키트_260801,트러블키트_맞춤 타겟,여드름성 피부 사용에 적합,155,8,9,0,0,0,0,1.125,0,17222,0.0
2026-10-02,스누큐어 트러블 키트_260801,트러블키트_맞춤 타겟,여드름성 피부 사용에 적합,14,1,1,0,0,0,0,1.0,0,14000,0.0
2026-10-05,스누큐어 트러블 키트_260801,트러블키트_맞춤 타겟,여드름성 피부 사용에 적합,70,2,2,0,0,0,0,1.0,0,35000,0.0
2026-09-07,스누큐어 트러블 키트_260801,트러블키트_맞춤 타겟,지성 피부도 피부 건조,1298,66,71,4,2,0,0,1.076,324,18282,5.634
2026-09-08,스누큐어 트러블 키트_260801,트러블키트_맞춤 타겟,지성 피부도 피부 건조,372,32,32,1,1,0,0,1.0,372,11625,3.125
2026-09-09,스누큐어 트러블 키트_260801,트러블키트_맞춤 타겟,지성 피부도 피부 건조,35,6,6,0,0,0,0,1.0,0,5833,0.0
2026-09-11,스누큐어 트러블 키트_260801,트러블키트_맞춤 타겟,지성 피부도 피부 건조,6,1,1,0,0,0,0,1.0,0,6000,0.0
2026-09-13,스누큐어 트러블 키트_260801,트러블키트_맞춤 타겟,지성 피부도 피부 건조,31,7,7,0,0,1,33000,1.0,0,4429,0.0
2026-09-14,스누큐어 트러블 키트_260801,트러블키트_맞춤 타겟,지성 피부도 피부 건조,451,29,33,2,1,0,0,1.138,226,13667,6.061
2026-09-15,스누큐어 트러블 키트_260801,트러블키트_맞춤 타겟,지성 피부도 피부 건조,35,6,6,0,0,0,0,1.0,0,5833,0.0
2026-09-16,스누큐어 트러블 키트_260801,트러블키트_맞춤 타겟,지성 피부도 피부 건조,356,20,21,1,1,0,0,1.05,356,16952,4.762
2026-09-17,스누큐어 트러블 키트_260801,트러블키트_맞춤 타겟,지성 피부도 피부 건조,0,0,0,0,0,0,0,0.0,0,0,0
2026-09-18,스누큐어 트러블 키트_260801,트러블키트_맞춤 타겟,지성 피부도 피부 건조,107,13,13,0,0,0,0,1.0,0,8231,0.0
2026-09-19,스누큐어 트러블 키트_260801,트러블키트_맞춤 타겟,지성 피부도 피부 건조,214,14,14,1,1,0,0,1.0,214,15286,7.143
2026-09-21,스누큐어 트러블 키트_260801,트러블키트_맞춤 타겟,지성 피부도 피부 건조,498,44,46,0,0,0,0,1.045,0,10826,0.0
2026-09-23,스누큐어 트러블 키트_260801,트러블키트_맞춤 타겟,지성 피부도 피부 건조,143,11,11,0,0,0,0,1.0,0,13000,0.0
2026-09-24,스누큐어 트러블 키트_260801,트러블키트_맞춤 타겟,지성 피부도 피부 건조,964,67,70,3,4,0,0,1.045,321,13771,4.286
2026-09-25,스누큐어 트러블 키트_260801,트러블키트_맞춤 타겟,지성 피부도 피부 건조,0,0,0,0,0,0,0,0.0,0,0,0
2026-09-26,스누큐어 트러블 키트_260801,트러블키트_맞춤 타겟,지성 피부도 피부 건조,664,61,63,2,2,0,0,1.033,332,10540,3.175
2026-09-27,스누큐어 트러블 키트_260801,트러블키트_맞춤 타겟,지성 피부도 피부 건조,823,52,56,4,3,0,0,1.077,206,14696,7.143
2026-09-28,스누큐어 트러블 키트_260801,트러블키트_맞춤 타겟,지성 피부도 피부 건조,1511,124,138,1,1,0,0,1.113,1511,10949,0.725
2026-09-29,스누큐어 트러블 키트_260801,트러블키트_맞춤 타겟,지성 피부도 피부 건조,1854,141,164,5,3,0,0,1.163,371,11305,3.049
2026-09-30,스누큐어 트러블 키트_260801,트러블키트_맞춤 타겟,지성 피부도 피부 건조,1157,68,80,2,2,1,15000,1.176,578,14462,2.5
2026-10-01,스누큐어 트러블 키트_260801,트러블키트_맞춤 타겟,지성 피부도 피부 건조,1463,92,106,0,0,0,0,1.152,0,13802,0.0
2026-10-02,스누큐어 트러블 키트_260801,트러블키트_맞춤 타겟,지성 피부도 피부 건조,2300,167,194,6,4,0,0,1.162,383,11856,3.093
2026-10-03,스누큐어 트러블 키트_260801,트러블키트_맞춤 타겟,지성 피부도 피부 건조,30,6,6,1,1,0,0,1.0,30,5000,16.667
2026-10-04,스누큐어 트러블 키트_260801,트러블키트_맞춤 타겟,지성 피부도 피부 건조,489,47,57,4,4,0,0,1.213,122,8579,7.018
2026-10-05,스누큐어 트러블 키트_260801,트러블키트_맞춤 타겟,지성 피부도 피부 건조,52,6,6,0,0,0,0,1.0,0,8667,0.0
